street,date,month,week_of_year,day_of_month,day_of_week,weekend,time,hour,minutes,time_period,count,speed,datetime,predictions
1593,2019-01-17,1,3,17,5,0,14:15:00,14,15,afternoon,252,34.58241,2019-01-17T14:15:00.000Z,246.47476
1593,2019-01-17,1,3,17,5,0,14:30:00,14,30,afternoon,291,39.2529,2019-01-17T14:30:00.000Z,256.45297
1593,2019-01-17,1,3,17,5,0,14:45:00,14,45,afternoon,234,37.4116,2019-01-17T14:45:00.000Z,264.70206
1593,2019-01-17,1,3,17,5,0,15:00:00,15,0,afternoon,249,38.030308,2019-01-17T15:00:00.000Z,237.91957
1593,2019-01-17,1,3,17,5,0,15:15:00,15,15,afternoon,251,36.996277,2019-01-17T15:15:00.000Z,210.98233
1593,2019-01-17,1,3,17,5,0,15:30:00,15,30,afternoon,237,40.812065,2019-01-17T15:30:00.000Z,219.39708
1593,2019-01-17,1,3,17,5,0,15:45:00,15,45,afternoon,210,34.089977,2019-01-17T15:45:00.000Z,192.74477
1593,2019-01-17,1,3,17,5,0,16:00:00,16,0,afternoon,192,35.53447,2019-01-17T16:00:00.000Z,194.35233
1593,2019-01-17,1,3,17,5,0,16:15:00,16,15,afternoon,220,49.831364,2019-01-17T16:15:00.000Z,191.67703
1593,2019-01-17,1,3,17,5,0,16:30:00,16,30,afternoon,226,46.023746,2019-01-17T16:30:00.000Z,185.28973
1593,2019-01-17,1,3,17,5,0,16:45:00,16,45,afternoon,173,39.47355,2019-01-17T16:45:00.000Z,176.02834
1593,2019-01-17,1,3,17,5,0,17:00:00,17,0,afternoon,197,41.635956,2019-01-17T17:00:00.000Z,169.53049
1593,2019-01-17,1,3,17,5,0,17:15:00,17,15,afternoon,202,45.28272,2019-01-17T17:15:00.000Z,172.28752
1593,2019-01-17,1,3,17,5,0,17:30:00,17,30,afternoon,167,41.915585,2019-01-17T17:30:00.000Z,166.2709
1593,2019-01-17,1,3,17,5,0,17:45:00,17,45,afternoon,225,46.76426,2019-01-17T17:45:00.000Z,152.53662
1593,2019-01-17,1,3,17,5,0,18:00:00,18,0,evening,229,56.7746,2019-01-17T18:00:00.000Z,153.74269
1593,2019-01-17,1,3,17,5,0,18:15:00,18,15,evening,254,59.130512,2019-01-17T18:15:00.000Z,146.31238
1593,2019-01-17,1,3,17,5,0,18:30:00,18,30,evening,302,67.5436,2019-01-17T18:30:00.000Z,133.82835
1593,2019-01-17,1,3,17,5,0,18:45:00,18,45,evening,172,79.56104,2019-01-17T18:45:00.000Z,141.64873
1593,2019-01-17,1,3,17,5,0,19:00:00,19,0,evening,136,84.567406,2019-01-17T19:00:00.000Z,131.28159
1593,2019-01-17,1,3,17,5,0,19:15:00,19,15,evening,132,84.81187,2019-01-17T19:15:00.000Z,132.13918
1593,2019-01-17,1,3,17,5,0,19:30:00,19,30,evening,118,81.76624,2019-01-17T19:30:00.000Z,136.10963
1593,2019-01-17,1,3,17,5,0,19:45:00,19,45,evening,113,80.77286,2019-01-17T19:45:00.000Z,113.60797
1593,2019-01-17,1,3,17,5,0,20:00:00,20,0,evening,82,83.756096,2019-01-17T20:00:00.000Z,103.656364
1593,2019-01-17,1,3,17,5,0,20:15:00,20,15,evening,72,84.391205,2019-01-17T20:15:00.000Z,98.272484
1593,2019-01-17,1,3,17,5,0,20:30:00,20,30,evening,87,85.70498,2019-01-17T20:30:00.000Z,91.83887
1593,2019-01-17,1,3,17,5,0,20:45:00,20,45,evening,84,85.25595,2019-01-17T20:45:00.000Z,87.80541
1593,2019-01-17,1,3,17,5,0,21:00:00,21,0,evening,84,85.343254,2019-01-17T21:00:00.000Z,77.520294
1593,2019-01-17,1,3,17,5,0,21:15:00,21,15,evening,53,85.96541,2019-01-17T21:15:00.000Z,69.65823
1593,2019-01-17,1,3,17,5,0,21:30:00,21,30,evening,61,85.5,2019-01-17T21:30:00.000Z,69.5748
1593,2019-01-17,1,3,17,5,0,21:45:00,21,45,evening,58,86.32758,2019-01-17T21:45:00.000Z,67.1756
1593,2019-01-17,1,3,17,5,0,22:00:00,22,0,evening,67,86.79353,2019-01-17T22:00:00.000Z,65.44986
1593,2019-01-17,1,3,17,5,0,22:15:00,22,15,evening,55,86.01515,2019-01-17T22:15:00.000Z,57.61904
1593,2019-01-17,1,3,17,5,0,22:30:00,22,30,evening,59,86.22881,2019-01-17T22:30:00.000Z,55.631374
1593,2019-01-17,1,3,17,5,0,22:45:00,22,45,evening,56,86.5625,2019-01-17T22:45:00.000Z,53.75895
1593,2019-01-17,1,3,17,5,0,23:00:00,23,0,evening,46,85.36957,2019-01-17T23:00:00.000Z,54.675774
1593,2019-01-17,1,3,17,5,0,23:15:00,23,15,evening,56,86.38393,2019-01-17T23:15:00.000Z,53.219105
1593,2019-01-17,1,3,17,5,0,23:30:00,23,30,evening,44,85.128784,2019-01-17T23:30:00.000Z,53.732944
1593,2019-01-17,1,3,17,5,0,23:45:00,23,45,evening,61,85.99454,2019-01-17T23:45:00.000Z,53.249645
1593,2019-01-18,1,3,18,6,0,00:00:00,0,0,night,47,85.37234,2019-01-18T00:00:00.000Z,51.452576
1593,2019-01-18,1,3,18,6,0,00:15:00,0,15,night,62,85.150536,2019-01-18T00:15:00.000Z,51.960865
1593,2019-01-18,1,3,18,6,0,00:30:00,0,30,night,58,85.39081,2019-01-18T00:30:00.000Z,49.378025
1593,2019-01-18,1,3,18,6,0,00:45:00,0,45,night,54,86.68827,2019-01-18T00:45:00.000Z,51.786392
1593,2019-01-18,1,3,18,6,0,01:00:00,1,0,night,58,86.594826,2019-01-18T01:00:00.000Z,49.408882
1593,2019-01-18,1,3,18,6,0,01:15:00,1,15,night,60,85.775,2019-01-18T01:15:00.000Z,54.745914
1593,2019-01-18,1,3,18,6,0,01:30:00,1,30,night,57,87.13158,2019-01-18T01:30:00.000Z,57.02638
1593,2019-01-18,1,3,18,6,0,01:45:00,1,45,night,66,87.611115,2019-01-18T01:45:00.000Z,60.173637
1593,2019-01-18,1,3,18,6,0,02:00:00,2,0,night,60,85.88333,2019-01-18T02:00:00.000Z,68.02745
1593,2019-01-18,1,3,18,6,0,02:15:00,2,15,night,72,86.91204,2019-01-18T02:15:00.000Z,77.83635
1593,2019-01-18,1,3,18,6,0,02:30:00,2,30,night,89,86.66105,2019-01-18T02:30:00.000Z,84.36711
1593,2019-01-18,1,3,18,6,0,02:45:00,2,45,night,92,87.389496,2019-01-18T02:45:00.000Z,101.88126
1593,2019-01-18,1,3,18,6,0,03:00:00,3,0,night,108,87.070984,2019-01-18T03:00:00.000Z,104.92706
1593,2019-01-18,1,3,18,6,0,03:15:00,3,15,night,110,87.434845,2019-01-18T03:15:00.000Z,123.10395
1593,2019-01-18,1,3,18,6,0,03:30:00,3,30,night,162,86.3642,2019-01-18T03:30:00.000Z,155.73573
1593,2019-01-18,1,3,18,6,0,03:45:00,3,45,night,172,86.9564,2019-01-18T03:45:00.000Z,174.2448
1593,2019-01-18,1,3,18,6,0,04:00:00,4,0,night,169,86.65385,2019-01-18T04:00:00.000Z,204.45604
1593,2019-01-18,1,3,18,6,0,04:15:00,4,15,night,220,85.72652,2019-01-18T04:15:00.000Z,210.49928
1593,2019-01-18,1,3,18,6,0,04:30:00,4,30,night,281,85.444244,2019-01-18T04:30:00.000Z,276.86768
1593,2019-01-18,1,3,18,6,0,04:45:00,4,45,night,274,85.27251,2019-01-18T04:45:00.000Z,292.1217
1593,2019-01-18,1,3,18,6,0,05:00:00,5,0,night,324,84.93364,2019-01-18T05:00:00.000Z,298.0297
1593,2019-01-18,1,3,18,6,0,05:15:00,5,15,night,358,83.02328,2019-01-18T05:15:00.000Z,321.2121
1593,2019-01-18,1,3,18,6,0,05:30:00,5,30,night,355,83.11972,2019-01-18T05:30:00.000Z,334.10373
1593,2019-01-18,1,3,18,6,0,05:45:00,5,45,night,326,82.54755,2019-01-18T05:45:00.000Z,315.77896
1593,2019-01-18,1,3,18,6,0,06:00:00,6,0,morning,314,82.13641,2019-01-18T06:00:00.000Z,302.89548
1593,2019-01-18,1,3,18,6,0,06:15:00,6,15,morning,286,80.51923,2019-01-18T06:15:00.000Z,283.38034
1593,2019-01-18,1,3,18,6,0,06:30:00,6,30,morning,243,78.96091,2019-01-18T06:30:00.000Z,259.0961
1593,2019-01-18,1,3,18,6,0,06:45:00,6,45,morning,242,77.87466,2019-01-18T06:45:00.000Z,228.83493
1593,2019-01-18,1,3,18,6,0,07:00:00,7,0,morning,216,79.62886,2019-01-18T07:00:00.000Z,213.0558
1593,2019-01-18,1,3,18,6,0,07:15:00,7,15,morning,213,79.57512,2019-01-18T07:15:00.000Z,210.0004
1593,2019-01-18,1,3,18,6,0,07:30:00,7,30,morning,203,69.33046,2019-01-18T07:30:00.000Z,215.68106
1593,2019-01-18,1,3,18,6,0,07:45:00,7,45,morning,235,61.66982,2019-01-18T07:45:00.000Z,233.96071
1593,2019-01-18,1,3,18,6,0,08:00:00,8,0,morning,235,64.54943,2019-01-18T08:00:00.000Z,250.70944
1593,2019-01-18,1,3,18,6,0,08:15:00,8,15,morning,340,63.767353,2019-01-18T08:15:00.000Z,270.7976
1593,2019-01-18,1,3,18,6,0,08:30:00,8,30,morning,320,79.09583,2019-01-18T08:30:00.000Z,288.48657
1593,2019-01-18,1,3,18,6,0,08:45:00,8,45,morning,332,76.6373,2019-01-18T08:45:00.000Z,318.00122
1593,2019-01-18,1,3,18,6,0,09:00:00,9,0,morning,326,81.45399,2019-01-18T09:00:00.000Z,336.3445
1593,2019-01-18,1,3,18,6,0,09:15:00,9,15,morning,366,80.08242,2019-01-18T09:15:00.000Z,383.73694
1593,2019-01-18,1,3,18,6,0,09:30:00,9,30,morning,388,70.53892,2019-01-18T09:30:00.000Z,385.3678
1593,2019-01-18,1,3,18,6,0,09:45:00,9,45,morning,403,73.81721,2019-01-18T09:45:00.000Z,390.71573
1593,2019-01-18,1,3,18,6,0,10:00:00,10,0,morning,390,81.29423,2019-01-18T10:00:00.000Z,389.31064
1593,2019-01-18,1,3,18,6,0,10:15:00,10,15,morning,368,81.927086,2019-01-18T10:15:00.000Z,394.23123
1593,2019-01-18,1,3,18,6,0,10:30:00,10,30,morning,402,81.16957,2019-01-18T10:30:00.000Z,394.68805
1593,2019-01-18,1,3,18,6,0,10:45:00,10,45,morning,378,81.50265,2019-01-18T10:45:00.000Z,393.5909
1593,2019-01-18,1,3,18,6,0,11:00:00,11,0,morning,326,81.988754,2019-01-18T11:00:00.000Z,387.0935
1593,2019-01-18,1,3,18,6,0,11:15:00,11,15,morning,318,77.07023,2019-01-18T11:15:00.000Z,377.2748
1593,2019-01-18,1,3,18,6,0,11:30:00,11,30,morning,355,78.28521,2019-01-18T11:30:00.000Z,378.3342
1593,2019-01-18,1,3,18,6,0,11:45:00,11,45,morning,367,77.23047,2019-01-18T11:45:00.000Z,369.0618
1593,2019-01-18,1,3,18,6,0,12:00:00,12,0,afternoon,375,80.26444,2019-01-18T12:00:00.000Z,350.121
1593,2019-01-18,1,3,18,6,0,12:15:00,12,15,afternoon,360,62.841805,2019-01-18T12:15:00.000Z,337.92505
1593,2019-01-18,1,3,18,6,0,12:30:00,12,30,afternoon,349,48.532093,2019-01-18T12:30:00.000Z,342.17505
1593,2019-01-18,1,3,18,6,0,12:45:00,12,45,afternoon,356,53.522854,2019-01-18T12:45:00.000Z,340.5723
1593,2019-01-18,1,3,18,6,0,13:00:00,13,0,afternoon,359,50.77674,2019-01-18T13:00:00.000Z,337.4284
1593,2019-01-18,1,3,18,6,0,13:15:00,13,15,afternoon,332,57.941967,2019-01-18T13:15:00.000Z,326.1843
1593,2019-01-18,1,3,18,6,0,13:30:00,13,30,afternoon,310,59.634945,2019-01-18T13:30:00.000Z,313.83078
1593,2019-01-18,1,3,18,6,0,13:45:00,13,45,afternoon,329,59.900658,2019-01-18T13:45:00.000Z,307.4652
1593,2019-01-18,1,3,18,6,0,14:00:00,14,0,afternoon,292,47.641163,2019-01-18T14:00:00.000Z,301.646
1593,2019-01-18,1,3,18,6,0,14:15:00,14,15,afternoon,274,52.719284,2019-01-18T14:15:00.000Z,283.76468
1593,2019-01-18,1,3,18,6,0,14:30:00,14,30,afternoon,227,49.072906,2019-01-18T14:30:00.000Z,262.79837
1593,2019-01-18,1,3,18,6,0,14:45:00,14,45,afternoon,244,53.04317,2019-01-18T14:45:00.000Z,260.4443
1593,2019-01-18,1,3,18,6,0,15:00:00,15,0,afternoon,224,50.66302,2019-01-18T15:00:00.000Z,237.61736
1593,2019-01-18,1,3,18,6,0,15:15:00,15,15,afternoon,212,50.70803,2019-01-18T15:15:00.000Z,220.03696
1593,2019-01-18,1,3,18,6,0,15:30:00,15,30,afternoon,178,48.08062,2019-01-18T15:30:00.000Z,194.70312
1593,2019-01-18,1,3,18,6,0,15:45:00,15,45,afternoon,181,45.02385,2019-01-18T15:45:00.000Z,194.86035
1593,2019-01-18,1,3,18,6,0,16:00:00,16,0,afternoon,150,43.92616,2019-01-18T16:00:00.000Z,185.8407
1593,2019-01-18,1,3,18,6,0,16:15:00,16,15,afternoon,110,48.168995,2019-01-18T16:15:00.000Z,182.04793
1593,2019-01-18,1,3,18,6,0,16:30:00,16,30,afternoon,174,63.85434,2019-01-18T16:30:00.000Z,173.29716
1593,2019-01-18,1,3,18,6,0,16:45:00,16,45,afternoon,190,49.815,2019-01-18T16:45:00.000Z,172.50131
1593,2019-01-18,1,3,18,6,0,17:00:00,17,0,afternoon,175,55.50781,2019-01-18T17:00:00.000Z,163.53946
1593,2019-01-18,1,3,18,6,0,17:15:00,17,15,afternoon,92,83.735504,2019-01-18T17:15:00.000Z,151.64891
1593,2019-01-18,1,3,18,6,0,17:30:00,17,30,afternoon,92,82.516304,2019-01-18T17:30:00.000Z,162.12488
1593,2019-01-18,1,3,18,6,0,17:45:00,17,45,afternoon,145,62.910343,2019-01-18T17:45:00.000Z,154.15733
1593,2019-01-18,1,3,18,6,0,18:00:00,18,0,evening,169,63.736195,2019-01-18T18:00:00.000Z,144.91347
1593,2019-01-18,1,3,18,6,0,18:15:00,18,15,evening,137,53.644768,2019-01-18T18:15:00.000Z,122.06254
1593,2019-01-18,1,3,18,6,0,18:30:00,18,30,evening,135,52.815804,2019-01-18T18:30:00.000Z,109.23302
1593,2019-01-18,1,3,18,6,0,18:45:00,18,45,evening,138,83.29529,2019-01-18T18:45:00.000Z,118.20193
1593,2019-01-18,1,3,18,6,0,19:00:00,19,0,evening,107,83.799065,2019-01-18T19:00:00.000Z,114.60043
1593,2019-01-18,1,3,18,6,0,19:15:00,19,15,evening,106,84.64937,2019-01-18T19:15:00.000Z,101.82519
1593,2019-01-18,1,3,18,6,0,19:30:00,19,30,evening,106,85.776726,2019-01-18T19:30:00.000Z,96.85463
1593,2019-01-18,1,3,18,6,0,19:45:00,19,45,evening,95,84.77544,2019-01-18T19:45:00.000Z,93.780525
1593,2019-01-18,1,3,18,6,0,20:00:00,20,0,evening,76,85.875,2019-01-18T20:00:00.000Z,82.93737
1593,2019-01-18,1,3,18,6,0,20:15:00,20,15,evening,73,86.30822,2019-01-18T20:15:00.000Z,78.26832
1593,2019-01-18,1,3,18,6,0,20:30:00,20,30,evening,85,85.70392,2019-01-18T20:30:00.000Z,75.97721
1593,2019-01-18,1,3,18,6,0,20:45:00,20,45,evening,79,84.44599,2019-01-18T20:45:00.000Z,71.76888
1593,2019-01-18,1,3,18,6,0,21:00:00,21,0,evening,69,85.68841,2019-01-18T21:00:00.000Z,65.59172
1593,2019-01-18,1,3,18,6,0,21:15:00,21,15,evening,60,85.719444,2019-01-18T21:15:00.000Z,62.413555
1593,2019-01-18,1,3,18,6,0,21:30:00,21,30,evening,56,85.434525,2019-01-18T21:30:00.000Z,63.696472
1593,2019-01-18,1,3,18,6,0,21:45:00,21,45,evening,44,85.753784,2019-01-18T21:45:00.000Z,62.7265
1593,2019-01-18,1,3,18,6,0,22:00:00,22,0,evening,49,87.517006,2019-01-18T22:00:00.000Z,60.662968
1593,2019-01-18,1,3,18,6,0,22:15:00,22,15,evening,54,85.861115,2019-01-18T22:15:00.000Z,58.18184
1593,2019-01-18,1,3,18,6,0,22:30:00,22,30,evening,50,86.57,2019-01-18T22:30:00.000Z,55.992367
1593,2019-01-18,1,3,18,6,0,22:45:00,22,45,evening,47,85.78014,2019-01-18T22:45:00.000Z,52.337887
1593,2019-01-18,1,3,18,6,0,23:00:00,23,0,evening,39,86.20513,2019-01-18T23:00:00.000Z,50.89307
1593,2019-01-18,1,3,18,6,0,23:15:00,23,15,evening,32,86.06771,2019-01-18T23:15:00.000Z,49.934464
1593,2019-01-18,1,3,18,6,0,23:30:00,23,30,evening,30,84.666664,2019-01-18T23:30:00.000Z,48.60486
1593,2019-01-18,1,3,18,6,0,23:45:00,23,45,evening,37,85.61712,2019-01-18T23:45:00.000Z,47.55719
1593,2019-01-19,1,3,19,7,1,00:00:00,0,0,night,45,85.64074,2019-01-19T00:00:00.000Z,45.119366
1593,2019-01-19,1,3,19,7,1,00:15:00,0,15,night,40,86.316666,2019-01-19T00:15:00.000Z,42.127197
1593,2019-01-19,1,3,19,7,1,00:30:00,0,30,night,48,85.736115,2019-01-19T00:30:00.000Z,39.290157
1593,2019-01-19,1,3,19,7,1,00:45:00,0,45,night,37,86.12162,2019-01-19T00:45:00.000Z,38.980152
1593,2019-01-19,1,3,19,7,1,01:00:00,1,0,night,23,86.9058,2019-01-19T01:00:00.000Z,43.20041
1593,2019-01-19,1,3,19,7,1,01:15:00,1,15,night,34,86.95098,2019-01-19T01:15:00.000Z,46.306866
1593,2019-01-19,1,3,19,7,1,01:30:00,1,30,night,48,87.85069,2019-01-19T01:30:00.000Z,58.422745
1593,2019-01-19,1,3,19,7,1,01:45:00,1,45,night,39,86.24359,2019-01-19T01:45:00.000Z,58.659267
1593,2019-01-19,1,3,19,7,1,02:00:00,2,0,night,38,85.399124,2019-01-19T02:00:00.000Z,49.145874
1593,2019-01-19,1,3,19,7,1,02:15:00,2,15,night,27,85.54321,2019-01-19T02:15:00.000Z,50.73656
1593,2019-01-19,1,3,19,7,1,02:30:00,2,30,night,39,86.4829,2019-01-19T02:30:00.000Z,64.55645
1593,2019-01-19,1,3,19,7,1,02:45:00,2,45,night,45,86.67778,2019-01-19T02:45:00.000Z,66.92769
1593,2019-01-19,1,3,19,7,1,03:00:00,3,0,night,44,87.367424,2019-01-19T03:00:00.000Z,69.053406
1593,2019-01-19,1,3,19,7,1,03:15:00,3,15,night,63,86.06879,2019-01-19T03:15:00.000Z,58.469246
1593,2019-01-19,1,3,19,7,1,03:30:00,3,30,night,63,85.79365,2019-01-19T03:30:00.000Z,61.631214
1593,2019-01-19,1,3,19,7,1,03:45:00,3,45,night,37,86.333336,2019-01-19T03:45:00.000Z,68.20677
1593,2019-01-19,1,3,19,7,1,04:00:00,4,0,night,43,84.84496,2019-01-19T04:00:00.000Z,71.48971
1593,2019-01-19,1,3,19,7,1,04:15:00,4,15,night,57,86.2193,2019-01-19T04:15:00.000Z,98.35137
1593,2019-01-19,1,3,19,7,1,04:30:00,4,30,night,85,85.78628,2019-01-19T04:30:00.000Z,110.75857
1593,2019-01-19,1,3,19,7,1,04:45:00,4,45,night,75,85.68,2019-01-19T04:45:00.000Z,84.88129
1593,2019-01-19,1,3,19,7,1,05:00:00,5,0,night,77,85.731606,2019-01-19T05:00:00.000Z,74.61586
1593,2019-01-19,1,3,19,7,1,05:15:00,5,15,night,79,85.6519,2019-01-19T05:15:00.000Z,75.61672
1593,2019-01-19,1,3,19,7,1,05:30:00,5,30,night,85,84.91569,2019-01-19T05:30:00.000Z,101.57455
1593,2019-01-19,1,3,19,7,1,05:45:00,5,45,night,81,84.36214,2019-01-19T05:45:00.000Z,96.798225
1593,2019-01-19,1,3,19,7,1,06:00:00,6,0,morning,89,85.56929,2019-01-19T06:00:00.000Z,102.46685
1593,2019-01-19,1,3,19,7,1,06:15:00,6,15,morning,79,85.37131,2019-01-19T06:15:00.000Z,99.18434
1593,2019-01-19,1,3,19,7,1,06:30:00,6,30,morning,101,84.466995,2019-01-19T06:30:00.000Z,99.143486
1593,2019-01-19,1,3,19,7,1,06:45:00,6,45,morning,85,84.99412,2019-01-19T06:45:00.000Z,88.90091
1593,2019-01-19,1,3,19,7,1,07:00:00,7,0,morning,83,84.73895,2019-01-19T07:00:00.000Z,90.21999
1593,2019-01-19,1,3,19,7,1,07:15:00,7,15,morning,88,84.642044,2019-01-19T07:15:00.000Z,76.45284
1593,2019-01-19,1,3,19,7,1,07:30:00,7,30,morning,98,84.5034,2019-01-19T07:30:00.000Z,91.44688
1593,2019-01-19,1,3,19,7,1,07:45:00,7,45,morning,76,84.23684,2019-01-19T07:45:00.000Z,74.22515
1593,2019-01-19,1,3,19,7,1,08:00:00,8,0,morning,69,83.96377,2019-01-19T08:00:00.000Z,74.45192
1593,2019-01-19,1,3,19,7,1,08:15:00,8,15,morning,81,85.09876,2019-01-19T08:15:00.000Z,74.1885
1593,2019-01-19,1,3,19,7,1,08:30:00,8,30,morning,99,84.659935,2019-01-19T08:30:00.000Z,79.98242
1593,2019-01-19,1,3,19,7,1,08:45:00,8,45,morning,72,84.78009,2019-01-19T08:45:00.000Z,66.52665
1593,2019-01-19,1,3,19,7,1,09:00:00,9,0,morning,77,82.51732,2019-01-19T09:00:00.000Z,63.438156
1593,2019-01-19,1,3,19,7,1,09:15:00,9,15,morning,79,83.80169,2019-01-19T09:15:00.000Z,68.00771
1593,2019-01-19,1,3,19,7,1,09:30:00,9,30,morning,97,84.42612,2019-01-19T09:30:00.000Z,78.01812
1593,2019-01-19,1,3,19,7,1,09:45:00,9,45,morning,107,85.01558,2019-01-19T09:45:00.000Z,63.633644
1593,2019-01-19,1,3,19,7,1,10:00:00,10,0,morning,93,83.582436,2019-01-19T10:00:00.000Z,69.18818
1593,2019-01-19,1,3,19,7,1,10:15:00,10,15,morning,83,84.51405,2019-01-19T10:15:00.000Z,67.07355
1593,2019-01-19,1,3,19,7,1,10:30:00,10,30,morning,85,84.67255,2019-01-19T10:30:00.000Z,79.2586
1593,2019-01-19,1,3,19,7,1,10:45:00,10,45,morning,92,83.577896,2019-01-19T10:45:00.000Z,87.26278
1593,2019-01-19,1,3,19,7,1,11:00:00,11,0,morning,95,82.76842,2019-01-19T11:00:00.000Z,82.0375
1593,2019-01-19,1,3,19,7,1,11:15:00,11,15,morning,88,83.880684,2019-01-19T11:15:00.000Z,76.86361
1593,2019-01-19,1,3,19,7,1,11:30:00,11,30,morning,70,85.1,2019-01-19T11:30:00.000Z,74.92745
1593,2019-01-19,1,3,19,7,1,11:45:00,11,45,morning,71,83.77465,2019-01-19T11:45:00.000Z,75.565285
1593,2019-01-19,1,3,19,7,1,12:00:00,12,0,afternoon,73,85.0137,2019-01-19T12:00:00.000Z,75.69235
1593,2019-01-19,1,3,19,7,1,12:15:00,12,15,afternoon,61,84.06284,2019-01-19T12:15:00.000Z,71.49517
1593,2019-01-19,1,3,19,7,1,12:30:00,12,30,afternoon,70,83.35,2019-01-19T12:30:00.000Z,61.367996
1593,2019-01-19,1,3,19,7,1,12:45:00,12,45,afternoon,67,84.012436,2019-01-19T12:45:00.000Z,60.404137
1593,2019-01-19,1,3,19,7,1,13:00:00,13,0,afternoon,54,84.237656,2019-01-19T13:00:00.000Z,58.79864
1593,2019-01-19,1,3,19,7,1,13:15:00,13,15,afternoon,68,85.036766,2019-01-19T13:15:00.000Z,51.745903
1593,2019-01-19,1,3,19,7,1,13:30:00,13,30,afternoon,57,82.03801,2019-01-19T13:30:00.000Z,56.637615
1593,2019-01-19,1,3,19,7,1,13:45:00,13,45,afternoon,50,83.27333,2019-01-19T13:45:00.000Z,54.370132
1593,2019-01-19,1,3,19,7,1,14:00:00,14,0,afternoon,49,83.20748,2019-01-19T14:00:00.000Z,48.294537
1593,2019-01-19,1,3,19,7,1,14:15:00,14,15,afternoon,45,81.60371,2019-01-19T14:15:00.000Z,55.83205
1593,2019-01-19,1,3,19,7,1,14:30:00,14,30,afternoon,38,83.98684,2019-01-19T14:30:00.000Z,48.822506
1593,2019-01-19,1,3,19,7,1,14:45:00,14,45,afternoon,40,85.38333,2019-01-19T14:45:00.000Z,44.587284
1593,2019-01-19,1,3,19,7,1,15:00:00,15,0,afternoon,44,84.246216,2019-01-19T15:00:00.000Z,41.954437
1593,2019-01-19,1,3,19,7,1,15:15:00,15,15,afternoon,51,85.55882,2019-01-19T15:15:00.000Z,37.5347
1593,2019-01-19,1,3,19,7,1,15:30:00,15,30,afternoon,24,84.388885,2019-01-19T15:30:00.000Z,32.190434
1593,2019-01-19,1,3,19,7,1,15:45:00,15,45,afternoon,43,83.406975,2019-01-19T15:45:00.000Z,30.897982
1593,2019-01-19,1,3,19,7,1,16:00:00,16,0,afternoon,32,82.28385,2019-01-19T16:00:00.000Z,31.8108
1593,2019-01-19,1,3,19,7,1,16:15:00,16,15,afternoon,33,82.21212,2019-01-19T16:15:00.000Z,37.21849
1593,2019-01-19,1,3,19,7,1,16:30:00,16,30,afternoon,28,82.42857,2019-01-19T16:30:00.000Z,28.17773
1593,2019-01-19,1,3,19,7,1,16:45:00,16,45,afternoon,45,83.85185,2019-01-19T16:45:00.000Z,35.466564
1593,2019-01-19,1,3,19,7,1,17:00:00,17,0,afternoon,38,80.067986,2019-01-19T17:00:00.000Z,31.687937
1593,2019-01-19,1,3,19,7,1,17:15:00,17,15,afternoon,22,83.69697,2019-01-19T17:15:00.000Z,31.942862
1593,2019-01-19,1,3,19,7,1,17:30:00,17,30,afternoon,27,85.71605,2019-01-19T17:30:00.000Z,29.970684
1593,2019-01-19,1,3,19,7,1,17:45:00,17,45,afternoon,16,84.958336,2019-01-19T17:45:00.000Z,41.461525
1593,2019-01-19,1,3,19,7,1,18:00:00,18,0,evening,27,86.74691,2019-01-19T18:00:00.000Z,43.749092
1593,2019-01-19,1,3,19,7,1,18:15:00,18,15,evening,24,85.5625,2019-01-19T18:15:00.000Z,36.377174
1593,2019-01-19,1,3,19,7,1,18:30:00,18,30,evening,17,87.90196,2019-01-19T18:30:00.000Z,35.20435
1593,2019-01-19,1,3,19,7,1,18:45:00,18,45,evening,24,86.84722,2019-01-19T18:45:00.000Z,27.770863
1593,2019-01-19,1,3,19,7,1,19:00:00,19,0,evening,18,86.50926,2019-01-19T19:00:00.000Z,28.796383
1593,2019-01-19,1,3,19,7,1,19:15:00,19,15,evening,33,84.58081,2019-01-19T19:15:00.000Z,27.715996
1593,2019-01-19,1,3,19,7,1,19:30:00,19,30,evening,23,88.478264,2019-01-19T19:30:00.000Z,24.444733
1593,2019-01-19,1,3,19,7,1,19:45:00,19,45,evening,9,85.62963,2019-01-19T19:45:00.000Z,26.052235
1593,2019-01-19,1,3,19,7,1,20:00:00,20,0,evening,20,85.1,2019-01-19T20:00:00.000Z,24.16439
1593,2019-01-19,1,3,19,7,1,20:15:00,20,15,evening,15,84.08889,2019-01-19T20:15:00.000Z,33.324833
1593,2019-01-19,1,3,19,7,1,20:30:00,20,30,evening,14,82.5119,2019-01-19T20:30:00.000Z,32.976997
1593,2019-01-19,1,3,19,7,1,20:45:00,20,45,evening,9,82.53704,2019-01-19T20:45:00.000Z,25.663975
1593,2019-01-19,1,3,19,7,1,21:00:00,21,0,evening,20,84.15,2019-01-19T21:00:00.000Z,25.941742
1593,2019-01-19,1,3,19,7,1,21:15:00,21,15,evening,11,88.106064,2019-01-19T21:15:00.000Z,23.042212
1593,2019-01-19,1,3,19,7,1,21:30:00,21,30,evening,15,84.62778,2019-01-19T21:30:00.000Z,21.354239
1593,2019-01-19,1,3,19,7,1,21:45:00,21,45,evening,6,86.44444,2019-01-19T21:45:00.000Z,17.976673
1593,2019-01-19,1,3,19,7,1,22:00:00,22,0,evening,13,84.78205,2019-01-19T22:00:00.000Z,20.880096
1593,2019-01-19,1,3,19,7,1,22:15:00,22,15,evening,14,87.47619,2019-01-19T22:15:00.000Z,19.036663
1593,2019-01-19,1,3,19,7,1,22:30:00,22,30,evening,9,85.57407,2019-01-19T22:30:00.000Z,20.420454
1593,2019-01-19,1,3,19,7,1,22:45:00,22,45,evening,10,83.7,2019-01-19T22:45:00.000Z,16.920778
1593,2019-01-19,1,3,19,7,1,23:00:00,23,0,evening,10,89.03333,2019-01-19T23:00:00.000Z,17.845037
1593,2019-01-19,1,3,19,7,1,23:15:00,23,15,evening,7,85.52381,2019-01-19T23:15:00.000Z,18.558844
1593,2019-01-19,1,3,19,7,1,23:30:00,23,30,evening,10,88.53333,2019-01-19T23:30:00.000Z,17.90026
1593,2019-01-19,1,3,19,7,1,23:45:00,23,45,evening,7,84.40476,2019-01-19T23:45:00.000Z,17.624594
1593,2019-01-20,1,3,20,1,1,00:00:00,0,0,night,23,86.021736,2019-01-20T00:00:00.000Z,17.20405
1593,2019-01-20,1,3,20,1,1,00:15:00,0,15,night,14,86.95238,2019-01-20T00:15:00.000Z,16.09748
1593,2019-01-20,1,3,20,1,1,00:30:00,0,30,night,8,89.1875,2019-01-20T00:30:00.000Z,16.468527
1593,2019-01-20,1,3,20,1,1,00:45:00,0,45,night,10,87.75,2019-01-20T00:45:00.000Z,15.437659
1593,2019-01-20,1,3,20,1,1,01:00:00,1,0,night,5,85.63333,2019-01-20T01:00:00.000Z,23.942135
1593,2019-01-20,1,3,20,1,1,01:15:00,1,15,night,1,89.333336,2019-01-20T01:15:00.000Z,24.89505
1593,2019-01-20,1,3,20,1,1,01:30:00,1,30,night,7,87.02381,2019-01-20T01:30:00.000Z,23.089123
1593,2019-01-20,1,3,20,1,1,01:45:00,1,45,night,9,86.833336,2019-01-20T01:45:00.000Z,21.335817
1593,2019-01-20,1,3,20,1,1,02:00:00,2,0,night,7,84.54762,2019-01-20T02:00:00.000Z,17.772766
1593,2019-01-20,1,3,20,1,1,02:15:00,2,15,night,9,85.388885,2019-01-20T02:15:00.000Z,14.220668
1593,2019-01-20,1,3,20,1,1,02:30:00,2,30,night,7,88.85714,2019-01-20T02:30:00.000Z,13.147642
1593,2019-01-20,1,3,20,1,1,02:45:00,2,45,night,4,87.25,2019-01-20T02:45:00.000Z,13.434068
1593,2019-01-20,1,3,20,1,1,03:00:00,3,0,night,7,87.85714,2019-01-20T03:00:00.000Z,13.985246
1593,2019-01-20,1,3,20,1,1,03:15:00,3,15,night,11,87.742424,2019-01-20T03:15:00.000Z,15.014936
1593,2019-01-20,1,3,20,1,1,03:30:00,3,30,night,12,84.625,2019-01-20T03:30:00.000Z,14.935679
1593,2019-01-20,1,3,20,1,1,03:45:00,3,45,night,12,89.27778,2019-01-20T03:45:00.000Z,14.0657215
1593,2019-01-20,1,3,20,1,1,04:00:00,4,0,night,12,85.708336,2019-01-20T04:00:00.000Z,14.114245
1593,2019-01-20,1,3,20,1,1,04:15:00,4,15,night,9,84.90741,2019-01-20T04:15:00.000Z,15.868022
1593,2019-01-20,1,3,20,1,1,04:30:00,4,30,night,17,86.64706,2019-01-20T04:30:00.000Z,18.439219
1593,2019-01-20,1,3,20,1,1,04:45:00,4,45,night,8,87.083336,2019-01-20T04:45:00.000Z,20.62566
1593,2019-01-20,1,3,20,1,1,05:00:00,5,0,night,6,86.80556,2019-01-20T05:00:00.000Z,22.048601
1593,2019-01-20,1,3,20,1,1,05:15:00,5,15,night,8,86.416664,2019-01-20T05:15:00.000Z,21.23432
1593,2019-01-20,1,3,20,1,1,05:30:00,5,30,night,9,84.48148,2019-01-20T05:30:00.000Z,25.092655
1593,2019-01-20,1,3,20,1,1,05:45:00,5,45,night,9,87.833336,2019-01-20T05:45:00.000Z,22.404127
1593,2019-01-20,1,3,20,1,1,06:00:00,6,0,morning,16,87.520836,2019-01-20T06:00:00.000Z,19.709393
1593,2019-01-20,1,3,20,1,1,06:15:00,6,15,morning,6,90.77778,2019-01-20T06:15:00.000Z,17.726099
1593,2019-01-20,1,3,20,1,1,06:30:00,6,30,morning,6,86.416664,2019-01-20T06:30:00.000Z,17.133186
1593,2019-01-20,1,3,20,1,1,06:45:00,6,45,morning,12,88.59722,2019-01-20T06:45:00.000Z,17.049994
1593,2019-01-20,1,3,20,1,1,07:00:00,7,0,morning,9,87.203705,2019-01-20T07:00:00.000Z,20.599283
1593,2019-01-20,1,3,20,1,1,07:15:00,7,15,morning,11,85.757576,2019-01-20T07:15:00.000Z,18.533371
1593,2019-01-20,1,3,20,1,1,07:30:00,7,30,morning,12,86.34722,2019-01-20T07:30:00.000Z,17.149105
1593,2019-01-20,1,3,20,1,1,07:45:00,7,45,morning,11,87.56061,2019-01-20T07:45:00.000Z,17.828142
1593,2019-01-20,1,3,20,1,1,08:00:00,8,0,morning,8,85.0,2019-01-20T08:00:00.000Z,17.648476
1593,2019-01-20,1,3,20,1,1,08:15:00,8,15,morning,12,83.416664,2019-01-20T08:15:00.000Z,18.827301
1593,2019-01-20,1,3,20,1,1,08:30:00,8,30,morning,20,86.541664,2019-01-20T08:30:00.000Z,19.72618
1593,2019-01-20,1,3,20,1,1,08:45:00,8,45,morning,15,83.933334,2019-01-20T08:45:00.000Z,20.26665
1593,2019-01-20,1,3,20,1,1,09:00:00,9,0,morning,9,87.98148,2019-01-20T09:00:00.000Z,19.103786
1593,2019-01-20,1,3,20,1,1,09:15:00,9,15,morning,10,87.066666,2019-01-20T09:15:00.000Z,19.939268
1593,2019-01-20,1,3,20,1,1,09:30:00,9,30,morning,11,83.56061,2019-01-20T09:30:00.000Z,25.319893
1593,2019-01-20,1,3,20,1,1,09:45:00,9,45,morning,14,87.38095,2019-01-20T09:45:00.000Z,26.812237
1593,2019-01-20,1,3,20,1,1,10:00:00,10,0,morning,10,88.03333,2019-01-20T10:00:00.000Z,24.324375
1593,2019-01-20,1,3,20,1,1,10:15:00,10,15,morning,20,88.35833,2019-01-20T10:15:00.000Z,22.140121
1593,2019-01-20,1,3,20,1,1,10:30:00,10,30,morning,16,84.96875,2019-01-20T10:30:00.000Z,20.837408
1593,2019-01-20,1,3,20,1,1,10:45:00,10,45,morning,16,85.791664,2019-01-20T10:45:00.000Z,21.738594
1593,2019-01-20,1,3,20,1,1,11:00:00,11,0,morning,12,84.916664,2019-01-20T11:00:00.000Z,20.456951
1593,2019-01-20,1,3,20,1,1,11:15:00,11,15,morning,16,84.833336,2019-01-20T11:15:00.000Z,25.456726
1593,2019-01-20,1,3,20,1,1,11:30:00,11,30,morning,14,86.47619,2019-01-20T11:30:00.000Z,26.51296
1593,2019-01-20,1,3,20,1,1,11:45:00,11,45,morning,12,85.80556,2019-01-20T11:45:00.000Z,27.898315
1593,2019-01-20,1,3,20,1,1,12:00:00,12,0,afternoon,17,85.07843,2019-01-20T12:00:00.000Z,25.66042
1593,2019-01-20,1,3,20,1,1,12:15:00,12,15,afternoon,18,87.17593,2019-01-20T12:15:00.000Z,26.190725
1593,2019-01-20,1,3,20,1,1,12:30:00,12,30,afternoon,18,85.98148,2019-01-20T12:30:00.000Z,25.05203
1593,2019-01-20,1,3,20,1,1,12:45:00,12,45,afternoon,15,87.27778,2019-01-20T12:45:00.000Z,23.347574
1593,2019-01-20,1,3,20,1,1,13:00:00,13,0,afternoon,14,87.5,2019-01-20T13:00:00.000Z,24.668177
1593,2019-01-20,1,3,20,1,1,13:15:00,13,15,afternoon,24,85.201385,2019-01-20T13:15:00.000Z,26.332626
1593,2019-01-20,1,3,20,1,1,13:30:00,13,30,afternoon,16,86.135414,2019-01-20T13:30:00.000Z,27.99079
1593,2019-01-20,1,3,20,1,1,13:45:00,13,45,afternoon,22,83.04243,2019-01-20T13:45:00.000Z,27.18792
1593,2019-01-20,1,3,20,1,1,14:00:00,14,0,afternoon,10,89.23333,2019-01-20T14:00:00.000Z,25.75442
1593,2019-01-20,1,3,20,1,1,14:15:00,14,15,afternoon,15,86.022224,2019-01-20T14:15:00.000Z,31.05346
1593,2019-01-20,1,3,20,1,1,14:30:00,14,30,afternoon,16,87.145836,2019-01-20T14:30:00.000Z,29.471909
1593,2019-01-20,1,3,20,1,1,14:45:00,14,45,afternoon,22,85.67424,2019-01-20T14:45:00.000Z,32.687595
1593,2019-01-20,1,3,20,1,1,15:00:00,15,0,afternoon,26,83.67949,2019-01-20T15:00:00.000Z,26.778112
1593,2019-01-20,1,3,20,1,1,15:15:00,15,15,afternoon,16,85.375,2019-01-20T15:15:00.000Z,25.291983
1593,2019-01-20,1,3,20,1,1,15:30:00,15,30,afternoon,25,85.94,2019-01-20T15:30:00.000Z,24.213308
1593,2019-01-20,1,3,20,1,1,15:45:00,15,45,afternoon,26,85.5641,2019-01-20T15:45:00.000Z,27.687534
1593,2019-01-20,1,3,20,1,1,16:00:00,16,0,afternoon,19,80.42105,2019-01-20T16:00:00.000Z,33.48813
1593,2019-01-20,1,3,20,1,1,16:15:00,16,15,afternoon,28,81.89286,2019-01-20T16:15:00.000Z,31.241003
1593,2019-01-20,1,3,20,1,1,16:30:00,16,30,afternoon,32,83.68229,2019-01-20T16:30:00.000Z,35.87663
1593,2019-01-20,1,3,20,1,1,16:45:00,16,45,afternoon,30,81.97222,2019-01-20T16:45:00.000Z,39.06232
1593,2019-01-20,1,3,20,1,1,17:00:00,17,0,afternoon,24,86.451385,2019-01-20T17:00:00.000Z,35.975426
1593,2019-01-20,1,3,20,1,1,17:15:00,17,15,afternoon,30,84.16111,2019-01-20T17:15:00.000Z,40.43641
1593,2019-01-20,1,3,20,1,1,17:30:00,17,30,afternoon,19,85.10526,2019-01-20T17:30:00.000Z,46.20505
1593,2019-01-20,1,3,20,1,1,17:45:00,17,45,afternoon,31,86.0,2019-01-20T17:45:00.000Z,48.305016
1593,2019-01-20,1,3,20,1,1,18:00:00,18,0,evening,40,86.0,2019-01-20T18:00:00.000Z,44.27454
1593,2019-01-20,1,3,20,1,1,18:15:00,18,15,evening,33,85.05051,2019-01-20T18:15:00.000Z,45.689
1593,2019-01-20,1,3,20,1,1,18:30:00,18,30,evening,31,84.07527,2019-01-20T18:30:00.000Z,37.560104
1593,2019-01-20,1,3,20,1,1,18:45:00,18,45,evening,25,86.36667,2019-01-20T18:45:00.000Z,40.320057
1593,2019-01-20,1,3,20,1,1,19:00:00,19,0,evening,28,86.565475,2019-01-20T19:00:00.000Z,49.12182
1593,2019-01-20,1,3,20,1,1,19:15:00,19,15,evening,40,87.0125,2019-01-20T19:15:00.000Z,49.10856
1593,2019-01-20,1,3,20,1,1,19:30:00,19,30,evening,45,87.41111,2019-01-20T19:30:00.000Z,47.84412
1593,2019-01-20,1,3,20,1,1,19:45:00,19,45,evening,33,86.87374,2019-01-20T19:45:00.000Z,41.78398
1593,2019-01-20,1,3,20,1,1,20:00:00,20,0,evening,39,86.290596,2019-01-20T20:00:00.000Z,38.90458
1593,2019-01-20,1,3,20,1,1,20:15:00,20,15,evening,32,86.16146,2019-01-20T20:15:00.000Z,45.482735
1593,2019-01-20,1,3,20,1,1,20:30:00,20,30,evening,36,86.97685,2019-01-20T20:30:00.000Z,53.949997
1593,2019-01-20,1,3,20,1,1,20:45:00,20,45,evening,32,86.453125,2019-01-20T20:45:00.000Z,49.623913
1593,2019-01-20,1,3,20,1,1,21:00:00,21,0,evening,32,89.135414,2019-01-20T21:00:00.000Z,52.700615
1593,2019-01-20,1,3,20,1,1,21:15:00,21,15,evening,21,86.74603,2019-01-20T21:15:00.000Z,47.0767
1593,2019-01-20,1,3,20,1,1,21:30:00,21,30,evening,28,87.45238,2019-01-20T21:30:00.000Z,45.976208
1593,2019-01-20,1,3,20,1,1,21:45:00,21,45,evening,26,87.10897,2019-01-20T21:45:00.000Z,41.70717
1593,2019-01-20,1,3,20,1,1,22:00:00,22,0,evening,21,86.38095,2019-01-20T22:00:00.000Z,38.858833
1593,2019-01-20,1,3,20,1,1,22:15:00,22,15,evening,27,86.41358,2019-01-20T22:15:00.000Z,30.791689
1593,2019-01-20,1,3,20,1,1,22:30:00,22,30,evening,27,88.21605,2019-01-20T22:30:00.000Z,29.41652
1593,2019-01-20,1,3,20,1,1,22:45:00,22,45,evening,27,87.84568,2019-01-20T22:45:00.000Z,26.90568
1593,2019-01-20,1,3,20,1,1,23:00:00,23,0,evening,25,84.06,2019-01-20T23:00:00.000Z,23.241503
1593,2019-01-20,1,3,20,1,1,23:15:00,23,15,evening,24,85.15972,2019-01-20T23:15:00.000Z,24.178503
1593,2019-01-20,1,3,20,1,1,23:30:00,23,30,evening,27,85.62346,2019-01-20T23:30:00.000Z,25.118343
1593,2019-01-20,1,3,20,1,1,23:45:00,23,45,evening,29,87.655174,2019-01-20T23:45:00.000Z,26.792217
1593,2019-01-21,1,4,21,2,0,00:00:00,0,0,night,23,87.021736,2019-01-21T00:00:00.000Z,27.701166
1593,2019-01-21,1,4,21,2,0,00:15:00,0,15,night,26,87.65385,2019-01-21T00:15:00.000Z,28.351412
1593,2019-01-21,1,4,21,2,0,00:30:00,0,30,night,37,86.97298,2019-01-21T00:30:00.000Z,31.068853
1593,2019-01-21,1,4,21,2,0,00:45:00,0,45,night,17,82.37255,2019-01-21T00:45:00.000Z,34.831303
1593,2019-01-21,1,4,21,2,0,01:00:00,1,0,night,25,86.30666,2019-01-21T01:00:00.000Z,33.682983
1593,2019-01-21,1,4,21,2,0,01:15:00,1,15,night,23,85.166664,2019-01-21T01:15:00.000Z,35.2147
1593,2019-01-21,1,4,21,2,0,01:30:00,1,30,night,32,85.947914,2019-01-21T01:30:00.000Z,45.295284
1593,2019-01-21,1,4,21,2,0,01:45:00,1,45,night,30,88.08889,2019-01-21T01:45:00.000Z,36.792957
1593,2019-01-21,1,4,21,2,0,02:00:00,2,0,night,40,87.245834,2019-01-21T02:00:00.000Z,36.53468
1593,2019-01-21,1,4,21,2,0,02:15:00,2,15,night,47,87.03191,2019-01-21T02:15:00.000Z,34.09059
1593,2019-01-21,1,4,21,2,0,02:30:00,2,30,night,53,87.78302,2019-01-21T02:30:00.000Z,38.912636
1593,2019-01-21,1,4,21,2,0,02:45:00,2,45,night,55,88.03636,2019-01-21T02:45:00.000Z,40.82405
1593,2019-01-21,1,4,21,2,0,03:00:00,3,0,night,91,87.54945,2019-01-21T03:00:00.000Z,52.33731
1593,2019-01-21,1,4,21,2,0,03:15:00,3,15,night,99,87.90741,2019-01-21T03:15:00.000Z,68.04075
1593,2019-01-21,1,4,21,2,0,03:30:00,3,30,night,148,87.85023,2019-01-21T03:30:00.000Z,87.02046
1593,2019-01-21,1,4,21,2,0,03:45:00,3,45,night,145,87.19655,2019-01-21T03:45:00.000Z,100.07369
1593,2019-01-21,1,4,21,2,0,04:00:00,4,0,night,178,86.61798,2019-01-21T04:00:00.000Z,164.45026
1593,2019-01-21,1,4,21,2,0,04:15:00,4,15,night,207,85.6401,2019-01-21T04:15:00.000Z,198.58307
1593,2019-01-21,1,4,21,2,0,04:30:00,4,30,night,262,86.44911,2019-01-21T04:30:00.000Z,281.41373
1593,2019-01-21,1,4,21,2,0,04:45:00,4,45,night,278,85.46403,2019-01-21T04:45:00.000Z,290.8686
1593,2019-01-21,1,4,21,2,0,05:00:00,5,0,night,257,86.0441,2019-01-21T05:00:00.000Z,321.92847
1593,2019-01-21,1,4,21,2,0,05:15:00,5,15,night,335,84.704475,2019-01-21T05:15:00.000Z,330.9429
1593,2019-01-21,1,4,21,2,0,05:30:00,5,30,night,305,83.49563,2019-01-21T05:30:00.000Z,344.32816
1593,2019-01-21,1,4,21,2,0,05:45:00,5,45,night,309,82.5534,2019-01-21T05:45:00.000Z,330.9961
1593,2019-01-21,1,4,21,2,0,06:00:00,6,0,morning,254,81.2664,2019-01-21T06:00:00.000Z,300.42236
1593,2019-01-21,1,4,21,2,0,06:15:00,6,15,morning,257,79.256485,2019-01-21T06:15:00.000Z,292.132
1593,2019-01-21,1,4,21,2,0,06:30:00,6,30,morning,230,76.96812,2019-01-21T06:30:00.000Z,258.5531
1593,2019-01-21,1,4,21,2,0,06:45:00,6,45,morning,182,79.990845,2019-01-21T06:45:00.000Z,236.90707
1593,2019-01-21,1,4,21,2,0,07:00:00,7,0,morning,166,80.13654,2019-01-21T07:00:00.000Z,204.36766
1593,2019-01-21,1,4,21,2,0,07:15:00,7,15,morning,196,80.16157,2019-01-21T07:15:00.000Z,204.17586
1593,2019-01-21,1,4,21,2,0,07:30:00,7,30,morning,207,80.85185,2019-01-21T07:30:00.000Z,212.07127
1593,2019-01-21,1,4,21,2,0,07:45:00,7,45,morning,194,81.59708,2019-01-21T07:45:00.000Z,222.78178
1593,2019-01-21,1,4,21,2,0,08:00:00,8,0,morning,215,81.18799,2019-01-21T08:00:00.000Z,237.53783
1593,2019-01-21,1,4,21,2,0,08:15:00,8,15,morning,258,81.75646,2019-01-21T08:15:00.000Z,263.1101
1593,2019-01-21,1,4,21,2,0,08:30:00,8,30,morning,275,82.24848,2019-01-21T08:30:00.000Z,292.01416
1593,2019-01-21,1,4,21,2,0,08:45:00,8,45,morning,306,82.246185,2019-01-21T08:45:00.000Z,309.51135
1593,2019-01-21,1,4,21,2,0,09:00:00,9,0,morning,334,78.076096,2019-01-21T09:00:00.000Z,332.6455
1593,2019-01-21,1,4,21,2,0,09:15:00,9,15,morning,317,30.424322,2019-01-21T09:15:00.000Z,361.43643
1593,2019-01-21,1,4,21,2,0,09:30:00,9,30,morning,356,38.55227,2019-01-21T09:30:00.000Z,374.32303
1593,2019-01-21,1,4,21,2,0,09:45:00,9,45,morning,351,40.05808,2019-01-21T09:45:00.000Z,384.86984
1593,2019-01-21,1,4,21,2,0,10:00:00,10,0,morning,406,74.92221,2019-01-21T10:00:00.000Z,390.01105
1593,2019-01-21,1,4,21,2,0,10:15:00,10,15,morning,341,82.31525,2019-01-21T10:15:00.000Z,384.06152
1593,2019-01-21,1,4,21,2,0,10:30:00,10,30,morning,341,81.23656,2019-01-21T10:30:00.000Z,387.10907
1593,2019-01-21,1,4,21,2,0,10:45:00,10,45,morning,331,82.145515,2019-01-21T10:45:00.000Z,380.96646
1593,2019-01-21,1,4,21,2,0,11:00:00,11,0,morning,371,82.6451,2019-01-21T11:00:00.000Z,386.71176
1593,2019-01-21,1,4,21,2,0,11:15:00,11,15,morning,318,81.958595,2019-01-21T11:15:00.000Z,369.1719
1593,2019-01-21,1,4,21,2,0,11:30:00,11,30,morning,362,81.09024,2019-01-21T11:30:00.000Z,361.08545
1593,2019-01-21,1,4,21,2,0,11:45:00,11,45,morning,350,81.92095,2019-01-21T11:45:00.000Z,351.63977
1593,2019-01-21,1,4,21,2,0,12:00:00,12,0,afternoon,358,80.37524,2019-01-21T12:00:00.000Z,356.90726
1593,2019-01-21,1,4,21,2,0,12:15:00,12,15,afternoon,322,82.74948,2019-01-21T12:15:00.000Z,336.58362
1593,2019-01-21,1,4,21,2,0,12:30:00,12,30,afternoon,353,81.25543,2019-01-21T12:30:00.000Z,341.8589
1593,2019-01-21,1,4,21,2,0,12:45:00,12,45,afternoon,359,80.661095,2019-01-21T12:45:00.000Z,332.8444
1593,2019-01-21,1,4,21,2,0,13:00:00,13,0,afternoon,327,81.45158,2019-01-21T13:00:00.000Z,328.74084
1593,2019-01-21,1,4,21,2,0,13:15:00,13,15,afternoon,309,80.44067,2019-01-21T13:15:00.000Z,308.92004
1593,2019-01-21,1,4,21,2,0,13:30:00,13,30,afternoon,310,79.632256,2019-01-21T13:30:00.000Z,309.98044
1593,2019-01-21,1,4,21,2,0,13:45:00,13,45,afternoon,338,66.47648,2019-01-21T13:45:00.000Z,306.67896
1593,2019-01-21,1,4,21,2,0,14:00:00,14,0,afternoon,328,57.443954,2019-01-21T14:00:00.000Z,287.71542
1593,2019-01-21,1,4,21,2,0,14:15:00,14,15,afternoon,275,45.121574,2019-01-21T14:15:00.000Z,267.89883
1593,2019-01-21,1,4,21,2,0,14:30:00,14,30,afternoon,282,42.660034,2019-01-21T14:30:00.000Z,256.29474
1593,2019-01-21,1,4,21,2,0,14:45:00,14,45,afternoon,256,42.16325,2019-01-21T14:45:00.000Z,262.9436
1593,2019-01-21,1,4,21,2,0,15:00:00,15,0,afternoon,262,45.356236,2019-01-21T15:00:00.000Z,256.783
1593,2019-01-21,1,4,21,2,0,15:15:00,15,15,afternoon,222,40.16562,2019-01-21T15:15:00.000Z,227.94478
1593,2019-01-21,1,4,21,2,0,15:30:00,15,30,afternoon,210,42.016262,2019-01-21T15:30:00.000Z,220.35622
1593,2019-01-21,1,4,21,2,0,15:45:00,15,45,afternoon,233,41.10378,2019-01-21T15:45:00.000Z,204.05472
1593,2019-01-21,1,4,21,2,0,16:00:00,16,0,afternoon,198,47.617977,2019-01-21T16:00:00.000Z,202.47514
1593,2019-01-21,1,4,21,2,0,16:15:00,16,15,afternoon,200,42.601406,2019-01-21T16:15:00.000Z,186.02242
1593,2019-01-21,1,4,21,2,0,16:30:00,16,30,afternoon,159,44.75692,2019-01-21T16:30:00.000Z,180.65126
1593,2019-01-21,1,4,21,2,0,16:45:00,16,45,afternoon,215,45.00062,2019-01-21T16:45:00.000Z,184.9651
1593,2019-01-21,1,4,21,2,0,17:00:00,17,0,afternoon,195,49.175556,2019-01-21T17:00:00.000Z,172.88908
1593,2019-01-21,1,4,21,2,0,17:15:00,17,15,afternoon,196,49.381546,2019-01-21T17:15:00.000Z,172.08798
1593,2019-01-21,1,4,21,2,0,17:30:00,17,30,afternoon,225,54.334297,2019-01-21T17:30:00.000Z,160.29091
1593,2019-01-21,1,4,21,2,0,17:45:00,17,45,afternoon,237,53.964005,2019-01-21T17:45:00.000Z,168.6868
1593,2019-01-21,1,4,21,2,0,18:00:00,18,0,evening,153,69.64924,2019-01-21T18:00:00.000Z,153.85187
1593,2019-01-21,1,4,21,2,0,18:15:00,18,15,evening,143,83.75408,2019-01-21T18:15:00.000Z,149.94283
1593,2019-01-21,1,4,21,2,0,18:30:00,18,30,evening,133,83.528824,2019-01-21T18:30:00.000Z,147.88031
1593,2019-01-21,1,4,21,2,0,18:45:00,18,45,evening,175,83.828575,2019-01-21T18:45:00.000Z,140.48547
1593,2019-01-21,1,4,21,2,0,19:00:00,19,0,evening,138,84.43841,2019-01-21T19:00:00.000Z,121.92334
1593,2019-01-21,1,4,21,2,0,19:15:00,19,15,evening,120,85.611115,2019-01-21T19:15:00.000Z,114.495705
1593,2019-01-21,1,4,21,2,0,19:30:00,19,30,evening,136,85.241425,2019-01-21T19:30:00.000Z,105.95961
1593,2019-01-21,1,4,21,2,0,19:45:00,19,45,evening,123,86.16938,2019-01-21T19:45:00.000Z,112.73282
1593,2019-01-21,1,4,21,2,0,20:00:00,20,0,evening,74,86.24324,2019-01-21T20:00:00.000Z,99.26709
1593,2019-01-21,1,4,21,2,0,20:15:00,20,15,evening,108,85.31019,2019-01-21T20:15:00.000Z,91.6542
1593,2019-01-21,1,4,21,2,0,20:30:00,20,30,evening,98,85.93367,2019-01-21T20:30:00.000Z,93.10659
1593,2019-01-21,1,4,21,2,0,20:45:00,20,45,evening,64,86.885414,2019-01-21T20:45:00.000Z,88.191536
1593,2019-01-21,1,4,21,2,0,21:00:00,21,0,evening,66,87.068184,2019-01-21T21:00:00.000Z,73.7457
1593,2019-01-21,1,4,21,2,0,21:15:00,21,15,evening,72,85.638885,2019-01-21T21:15:00.000Z,76.79899
1593,2019-01-21,1,4,21,2,0,21:30:00,21,30,evening,60,85.02778,2019-01-21T21:30:00.000Z,73.63763
1593,2019-01-21,1,4,21,2,0,21:45:00,21,45,evening,59,85.12712,2019-01-21T21:45:00.000Z,63.454254
1593,2019-01-21,1,4,21,2,0,22:00:00,22,0,evening,59,87.72881,2019-01-21T22:00:00.000Z,59.435246
1593,2019-01-21,1,4,21,2,0,22:15:00,22,15,evening,51,86.66994,2019-01-21T22:15:00.000Z,58.619705
1593,2019-01-21,1,4,21,2,0,22:30:00,22,30,evening,64,86.40625,2019-01-21T22:30:00.000Z,55.211895
1593,2019-01-21,1,4,21,2,0,22:45:00,22,45,evening,52,86.40064,2019-01-21T22:45:00.000Z,53.946335
1593,2019-01-21,1,4,21,2,0,23:00:00,23,0,evening,52,85.54808,2019-01-21T23:00:00.000Z,53.392914
1593,2019-01-21,1,4,21,2,0,23:15:00,23,15,evening,47,86.489365,2019-01-21T23:15:00.000Z,51.68137
1593,2019-01-21,1,4,21,2,0,23:30:00,23,30,evening,53,86.08805,2019-01-21T23:30:00.000Z,53.381233
1593,2019-01-21,1,4,21,2,0,23:45:00,23,45,evening,54,85.93827,2019-01-21T23:45:00.000Z,51.701317
1593,2019-01-22,1,4,22,3,0,00:00:00,0,0,night,46,86.634056,2019-01-22T00:00:00.000Z,51.351513
1593,2019-01-22,1,4,22,3,0,00:15:00,0,15,night,51,86.702614,2019-01-22T00:15:00.000Z,49.672386
1593,2019-01-22,1,4,22,3,0,00:30:00,0,30,night,66,85.81061,2019-01-22T00:30:00.000Z,49.771736
1593,2019-01-22,1,4,22,3,0,00:45:00,0,45,night,55,87.39091,2019-01-22T00:45:00.000Z,50.18534
1593,2019-01-22,1,4,22,3,0,01:00:00,1,0,night,34,86.38725,2019-01-22T01:00:00.000Z,49.207203
1593,2019-01-22,1,4,22,3,0,01:15:00,1,15,night,52,86.67308,2019-01-22T01:15:00.000Z,51.6576
1593,2019-01-22,1,4,22,3,0,01:30:00,1,30,night,50,87.14667,2019-01-22T01:30:00.000Z,64.70076
1593,2019-01-22,1,4,22,3,0,01:45:00,1,45,night,65,86.68974,2019-01-22T01:45:00.000Z,68.92413
1593,2019-01-22,1,4,22,3,0,02:00:00,2,0,night,59,87.04237,2019-01-22T02:00:00.000Z,59.758198
1593,2019-01-22,1,4,22,3,0,02:15:00,2,15,night,58,87.373566,2019-01-22T02:15:00.000Z,69.4388
1593,2019-01-22,1,4,22,3,0,02:30:00,2,30,night,78,86.35897,2019-01-22T02:30:00.000Z,71.715485
1593,2019-01-22,1,4,22,3,0,02:45:00,2,45,night,84,86.05357,2019-01-22T02:45:00.000Z,95.49172
1593,2019-01-22,1,4,22,3,0,03:00:00,3,0,night,109,87.01223,2019-01-22T03:00:00.000Z,104.23203
1593,2019-01-22,1,4,22,3,0,03:15:00,3,15,night,120,86.07083,2019-01-22T03:15:00.000Z,108.4015
1593,2019-01-22,1,4,22,3,0,03:30:00,3,30,night,141,87.12175,2019-01-22T03:30:00.000Z,136.82195
1593,2019-01-22,1,4,22,3,0,03:45:00,3,45,night,155,87.33978,2019-01-22T03:45:00.000Z,154.93552
1593,2019-01-22,1,4,22,3,0,04:00:00,4,0,night,191,86.02356,2019-01-22T04:00:00.000Z,202.1539
1593,2019-01-22,1,4,22,3,0,04:15:00,4,15,night,248,86.66599,2019-01-22T04:15:00.000Z,229.1253
1593,2019-01-22,1,4,22,3,0,04:30:00,4,30,night,256,86.13151,2019-01-22T04:30:00.000Z,264.6662
1593,2019-01-22,1,4,22,3,0,04:45:00,4,45,night,274,85.98601,2019-01-22T04:45:00.000Z,282.92303
1593,2019-01-22,1,4,22,3,0,05:00:00,5,0,night,299,84.97157,2019-01-22T05:00:00.000Z,312.6761
1593,2019-01-22,1,4,22,3,0,05:15:00,5,15,night,332,83.8484,2019-01-22T05:15:00.000Z,337.10175
1593,2019-01-22,1,4,22,3,0,05:30:00,5,30,night,295,83.39718,2019-01-22T05:30:00.000Z,331.74078
1593,2019-01-22,1,4,22,3,0,05:45:00,5,45,night,294,84.26927,2019-01-22T05:45:00.000Z,317.14084
1593,2019-01-22,1,4,22,3,0,06:00:00,6,0,morning,280,82.204765,2019-01-22T06:00:00.000Z,295.30292
1593,2019-01-22,1,4,22,3,0,06:15:00,6,15,morning,261,78.55364,2019-01-22T06:15:00.000Z,277.80942
1593,2019-01-22,1,4,22,3,0,06:30:00,6,30,morning,258,78.75646,2019-01-22T06:30:00.000Z,242.35027
1593,2019-01-22,1,4,22,3,0,06:45:00,6,45,morning,207,81.54106,2019-01-22T06:45:00.000Z,220.67686
1593,2019-01-22,1,4,22,3,0,07:00:00,7,0,morning,228,80.70395,2019-01-22T07:00:00.000Z,210.09062
1593,2019-01-22,1,4,22,3,0,07:15:00,7,15,morning,243,81.83402,2019-01-22T07:15:00.000Z,212.62125
1593,2019-01-22,1,4,22,3,0,07:30:00,7,30,morning,271,80.11101,2019-01-22T07:30:00.000Z,228.20035
1593,2019-01-22,1,4,22,3,0,07:45:00,7,45,morning,282,82.549644,2019-01-22T07:45:00.000Z,237.03714
1593,2019-01-22,1,4,22,3,0,08:00:00,8,0,morning,281,83.29241,2019-01-22T08:00:00.000Z,260.6265
1593,2019-01-22,1,4,22,3,0,08:15:00,8,15,morning,293,84.47099,2019-01-22T08:15:00.000Z,289.90024
1593,2019-01-22,1,4,22,3,0,08:30:00,8,30,morning,327,83.64016,2019-01-22T08:30:00.000Z,324.5827
1593,2019-01-22,1,4,22,3,0,08:45:00,8,45,morning,318,82.28669,2019-01-22T08:45:00.000Z,347.0407
1593,2019-01-22,1,4,22,3,0,09:00:00,9,0,morning,344,79.78343,2019-01-22T09:00:00.000Z,357.67056
1593,2019-01-22,1,4,22,3,0,09:15:00,9,15,morning,328,79.29777,2019-01-22T09:15:00.000Z,366.68668
1593,2019-01-22,1,4,22,3,0,09:30:00,9,30,morning,354,78.88277,2019-01-22T09:30:00.000Z,378.33185
1593,2019-01-22,1,4,22,3,0,09:45:00,9,45,morning,400,76.87375,2019-01-22T09:45:00.000Z,377.46637
1593,2019-01-22,1,4,22,3,0,10:00:00,10,0,morning,371,80.87871,2019-01-22T10:00:00.000Z,381.53955
1593,2019-01-22,1,4,22,3,0,10:15:00,10,15,morning,328,79.44004,2019-01-22T10:15:00.000Z,375.12427
1593,2019-01-22,1,4,22,3,0,10:30:00,10,30,morning,378,79.6261,2019-01-22T10:30:00.000Z,375.80896
1593,2019-01-22,1,4,22,3,0,10:45:00,10,45,morning,384,79.72266,2019-01-22T10:45:00.000Z,380.96277
1593,2019-01-22,1,4,22,3,0,11:00:00,11,0,morning,384,78.95,2019-01-22T11:00:00.000Z,371.4428
1593,2019-01-22,1,4,22,3,0,11:15:00,11,15,morning,373,78.048706,2019-01-22T11:15:00.000Z,355.21417
1593,2019-01-22,1,4,22,3,0,11:30:00,11,30,morning,384,77.0102,2019-01-22T11:30:00.000Z,360.64288
1593,2019-01-22,1,4,22,3,0,11:45:00,11,45,morning,349,72.272446,2019-01-22T11:45:00.000Z,358.62756
1593,2019-01-22,1,4,22,3,0,12:00:00,12,0,afternoon,386,65.89745,2019-01-22T12:00:00.000Z,354.841
1593,2019-01-22,1,4,22,3,0,12:15:00,12,15,afternoon,361,67.2283,2019-01-22T12:15:00.000Z,346.94858
1593,2019-01-22,1,4,22,3,0,12:30:00,12,30,afternoon,371,78.246185,2019-01-22T12:30:00.000Z,344.2563
1593,2019-01-22,1,4,22,3,0,12:45:00,12,45,afternoon,349,79.26074,2019-01-22T12:45:00.000Z,328.49194
1593,2019-01-22,1,4,22,3,0,13:00:00,13,0,afternoon,362,78.958565,2019-01-22T13:00:00.000Z,332.16232
1593,2019-01-22,1,4,22,3,0,13:15:00,13,15,afternoon,278,79.85492,2019-01-22T13:15:00.000Z,319.53403
1593,2019-01-22,1,4,22,3,0,13:30:00,13,30,afternoon,284,80.56573,2019-01-22T13:30:00.000Z,315.07407
1593,2019-01-22,1,4,22,3,0,13:45:00,13,45,afternoon,325,76.768715,2019-01-22T13:45:00.000Z,300.2433
1593,2019-01-22,1,4,22,3,0,14:00:00,14,0,afternoon,333,71.243996,2019-01-22T14:00:00.000Z,296.27856
1593,2019-01-22,1,4,22,3,0,14:15:00,14,15,afternoon,288,51.21985,2019-01-22T14:15:00.000Z,254.23486
1593,2019-01-22,1,4,22,3,0,14:30:00,14,30,afternoon,295,47.125763,2019-01-22T14:30:00.000Z,236.05443
1593,2019-01-22,1,4,22,3,0,14:45:00,14,45,afternoon,243,41.81907,2019-01-22T14:45:00.000Z,247.31322
1593,2019-01-22,1,4,22,3,0,15:00:00,15,0,afternoon,222,43.53769,2019-01-22T15:00:00.000Z,251.84213
1593,2019-01-22,1,4,22,3,0,15:15:00,15,15,afternoon,242,46.283817,2019-01-22T15:15:00.000Z,230.95255
1593,2019-01-22,1,4,22,3,0,15:30:00,15,30,afternoon,237,43.32833,2019-01-22T15:30:00.000Z,227.82071
1593,2019-01-22,1,4,22,3,0,15:45:00,15,45,afternoon,254,44.25361,2019-01-22T15:45:00.000Z,202.12889
1593,2019-01-22,1,4,22,3,0,16:00:00,16,0,afternoon,212,44.78459,2019-01-22T16:00:00.000Z,189.16646
1593,2019-01-22,1,4,22,3,0,16:15:00,16,15,afternoon,230,50.86435,2019-01-22T16:15:00.000Z,192.0056
1593,2019-01-22,1,4,22,3,0,16:30:00,16,30,afternoon,228,44.907604,2019-01-22T16:30:00.000Z,187.31184
1593,2019-01-22,1,4,22,3,0,16:45:00,16,45,afternoon,243,49.10336,2019-01-22T16:45:00.000Z,191.86752
1593,2019-01-22,1,4,22,3,0,17:00:00,17,0,afternoon,249,61.681393,2019-01-22T17:00:00.000Z,176.95834
1593,2019-01-22,1,4,22,3,0,17:15:00,17,15,afternoon,199,77.85762,2019-01-22T17:15:00.000Z,179.39467
1593,2019-01-22,1,4,22,3,0,17:30:00,17,30,afternoon,153,81.90414,2019-01-22T17:30:00.000Z,172.08357
1593,2019-01-22,1,4,22,3,0,17:45:00,17,45,afternoon,160,82.45625,2019-01-22T17:45:00.000Z,169.74176
1593,2019-01-22,1,4,22,3,0,18:00:00,18,0,evening,131,83.44275,2019-01-22T18:00:00.000Z,163.12648
1593,2019-01-22,1,4,22,3,0,18:15:00,18,15,evening,137,84.46837,2019-01-22T18:15:00.000Z,148.74841
1593,2019-01-22,1,4,22,3,0,18:30:00,18,30,evening,143,85.1014,2019-01-22T18:30:00.000Z,137.04654
1593,2019-01-22,1,4,22,3,0,18:45:00,18,45,evening,131,85.79771,2019-01-22T18:45:00.000Z,132.65454
1593,2019-01-22,1,4,22,3,0,19:00:00,19,0,evening,110,85.09091,2019-01-22T19:00:00.000Z,118.729454
1593,2019-01-22,1,4,22,3,0,19:15:00,19,15,evening,130,85.45128,2019-01-22T19:15:00.000Z,113.992836
1593,2019-01-22,1,4,22,3,0,19:30:00,19,30,evening,123,85.67886,2019-01-22T19:30:00.000Z,110.096756
1593,2019-01-22,1,4,22,3,0,19:45:00,19,45,evening,107,86.076324,2019-01-22T19:45:00.000Z,102.19654
1593,2019-01-22,1,4,22,3,0,20:00:00,20,0,evening,80,86.416664,2019-01-22T20:00:00.000Z,92.15229
1593,2019-01-22,1,4,22,3,0,20:15:00,20,15,evening,82,85.61789,2019-01-22T20:15:00.000Z,93.621414
1593,2019-01-22,1,4,22,3,0,20:30:00,20,30,evening,75,85.63778,2019-01-22T20:30:00.000Z,89.10871
1593,2019-01-22,1,4,22,3,0,20:45:00,20,45,evening,74,86.054054,2019-01-22T20:45:00.000Z,82.22928
1593,2019-01-22,1,4,22,3,0,21:00:00,21,0,evening,47,87.08865,2019-01-22T21:00:00.000Z,71.67587
1593,2019-01-22,1,4,22,3,0,21:15:00,21,15,evening,59,85.567795,2019-01-22T21:15:00.000Z,67.032555
1593,2019-01-22,1,4,22,3,0,21:30:00,21,30,evening,65,85.41282,2019-01-22T21:30:00.000Z,62.40236
1593,2019-01-22,1,4,22,3,0,21:45:00,21,45,evening,47,87.09574,2019-01-22T21:45:00.000Z,59.64743
1593,2019-01-22,1,4,22,3,0,22:00:00,22,0,evening,44,85.306816,2019-01-22T22:00:00.000Z,52.87248
1593,2019-01-22,1,4,22,3,0,22:15:00,22,15,evening,51,84.58497,2019-01-22T22:15:00.000Z,52.783543
1593,2019-01-22,1,4,22,3,0,22:30:00,22,30,evening,45,86.885185,2019-01-22T22:30:00.000Z,53.507416
1593,2019-01-22,1,4,22,3,0,22:45:00,22,45,evening,63,86.14815,2019-01-22T22:45:00.000Z,51.044647
1593,2019-01-22,1,4,22,3,0,23:00:00,23,0,evening,52,86.61539,2019-01-22T23:00:00.000Z,50.350895
1593,2019-01-22,1,4,22,3,0,23:15:00,23,15,evening,46,85.94203,2019-01-22T23:15:00.000Z,50.557087
1593,2019-01-22,1,4,22,3,0,23:30:00,23,30,evening,45,86.703705,2019-01-22T23:30:00.000Z,49.21012
1593,2019-01-22,1,4,22,3,0,23:45:00,23,45,evening,40,87.21667,2019-01-22T23:45:00.000Z,51.94131
1593,2019-01-23,1,4,23,4,0,00:00:00,0,0,night,42,87.79365,2019-01-23T00:00:00.000Z,50.969368
1593,2019-01-23,1,4,23,4,0,00:15:00,0,15,night,57,87.44444,2019-01-23T00:15:00.000Z,50.31963
1593,2019-01-23,1,4,23,4,0,00:30:00,0,30,night,38,85.84649,2019-01-23T00:30:00.000Z,49.105606
1593,2019-01-23,1,4,23,4,0,00:45:00,0,45,night,45,86.87408,2019-01-23T00:45:00.000Z,46.918034
1593,2019-01-23,1,4,23,4,0,01:00:00,1,0,night,39,86.068375,2019-01-23T01:00:00.000Z,46.326145
1593,2019-01-23,1,4,23,4,0,01:15:00,1,15,night,45,87.10741,2019-01-23T01:15:00.000Z,53.523384
1593,2019-01-23,1,4,23,4,0,01:30:00,1,30,night,50,84.49333,2019-01-23T01:30:00.000Z,50.39423
1593,2019-01-23,1,4,23,4,0,01:45:00,1,45,night,31,85.946236,2019-01-23T01:45:00.000Z,55.75161
1593,2019-01-23,1,4,23,4,0,02:00:00,2,0,night,75,86.202225,2019-01-23T02:00:00.000Z,54.757984
1593,2019-01-23,1,4,23,4,0,02:15:00,2,15,night,75,86.37334,2019-01-23T02:15:00.000Z,61.31813
1593,2019-01-23,1,4,23,4,0,02:30:00,2,30,night,77,84.90044,2019-01-23T02:30:00.000Z,72.339
1593,2019-01-23,1,4,23,4,0,02:45:00,2,45,night,80,85.70625,2019-01-23T02:45:00.000Z,62.605473
1593,2019-01-23,1,4,23,4,0,03:00:00,3,0,night,90,85.82407,2019-01-23T03:00:00.000Z,115.314674
1593,2019-01-23,1,4,23,4,0,03:15:00,3,15,night,117,86.28276,2019-01-23T03:15:00.000Z,142.80098
1593,2019-01-23,1,4,23,4,0,03:30:00,3,30,night,102,86.452614,2019-01-23T03:30:00.000Z,165.89043
1593,2019-01-23,1,4,23,4,0,03:45:00,3,45,night,152,86.492325,2019-01-23T03:45:00.000Z,174.18391
1593,2019-01-23,1,4,23,4,0,04:00:00,4,0,night,141,86.40189,2019-01-23T04:00:00.000Z,182.3592
1593,2019-01-23,1,4,23,4,0,04:15:00,4,15,night,201,85.850746,2019-01-23T04:15:00.000Z,214.89012
1593,2019-01-23,1,4,23,4,0,04:30:00,4,30,night,231,86.114,2019-01-23T04:30:00.000Z,195.1639
1593,2019-01-23,1,4,23,4,0,04:45:00,4,45,night,230,85.12826,2019-01-23T04:45:00.000Z,256.57477
1593,2019-01-23,1,4,23,4,0,05:00:00,5,0,night,199,84.233665,2019-01-23T05:00:00.000Z,244.48714
1593,2019-01-23,1,4,23,4,0,05:15:00,5,15,night,370,83.11171,2019-01-23T05:15:00.000Z,305.79965
1593,2019-01-23,1,4,23,4,0,05:30:00,5,30,night,312,82.347755,2019-01-23T05:30:00.000Z,319.34842
1593,2019-01-23,1,4,23,4,0,05:45:00,5,45,night,263,81.8346,2019-01-23T05:45:00.000Z,317.33224
1593,2019-01-23,1,4,23,4,0,06:00:00,6,0,morning,295,80.36327,2019-01-23T06:00:00.000Z,282.46646
1593,2019-01-23,1,4,23,4,0,06:15:00,6,15,morning,277,76.52166,2019-01-23T06:15:00.000Z,320.42307
1593,2019-01-23,1,4,23,4,0,06:30:00,6,30,morning,258,68.20187,2019-01-23T06:30:00.000Z,280.69028
1593,2019-01-23,1,4,23,4,0,06:45:00,6,45,morning,243,71.83059,2019-01-23T06:45:00.000Z,239.9532
1593,2019-01-23,1,4,23,4,0,07:00:00,7,0,morning,245,78.581635,2019-01-23T07:00:00.000Z,224.36353
1593,2019-01-23,1,4,23,4,0,07:15:00,7,15,morning,227,80.10352,2019-01-23T07:15:00.000Z,212.97377
1593,2019-01-23,1,4,23,4,0,07:30:00,7,30,morning,225,81.11926,2019-01-23T07:30:00.000Z,213.75443
1593,2019-01-23,1,4,23,4,0,07:45:00,7,45,morning,249,81.21887,2019-01-23T07:45:00.000Z,224.4427
1593,2019-01-23,1,4,23,4,0,08:00:00,8,0,morning,256,82.27604,2019-01-23T08:00:00.000Z,244.95908
1593,2019-01-23,1,4,23,4,0,08:15:00,8,15,morning,279,83.445045,2019-01-23T08:15:00.000Z,262.1935
1593,2019-01-23,1,4,23,4,0,08:30:00,8,30,morning,310,81.515915,2019-01-23T08:30:00.000Z,282.02316
1593,2019-01-23,1,4,23,4,0,08:45:00,8,45,morning,320,82.905205,2019-01-23T08:45:00.000Z,310.9126
1593,2019-01-23,1,4,23,4,0,09:00:00,9,0,morning,355,82.32488,2019-01-23T09:00:00.000Z,332.36325
1593,2019-01-23,1,4,23,4,0,09:15:00,9,15,morning,354,82.74106,2019-01-23T09:15:00.000Z,353.42145
1593,2019-01-23,1,4,23,4,0,09:30:00,9,30,morning,347,82.452446,2019-01-23T09:30:00.000Z,370.7559
1593,2019-01-23,1,4,23,4,0,09:45:00,9,45,morning,359,82.30919,2019-01-23T09:45:00.000Z,377.2552
1593,2019-01-23,1,4,23,4,0,10:00:00,10,0,morning,373,82.5201,2019-01-23T10:00:00.000Z,385.4933
1593,2019-01-23,1,4,23,4,0,10:15:00,10,15,morning,330,82.39848,2019-01-23T10:15:00.000Z,384.1457
1593,2019-01-23,1,4,23,4,0,10:30:00,10,30,morning,368,82.134056,2019-01-23T10:30:00.000Z,379.45264
1593,2019-01-23,1,4,23,4,0,10:45:00,10,45,morning,357,82.544815,2019-01-23T10:45:00.000Z,376.6996
1593,2019-01-23,1,4,23,4,0,11:00:00,11,0,morning,356,82.409645,2019-01-23T11:00:00.000Z,374.50345
1593,2019-01-23,1,4,23,4,0,11:15:00,11,15,morning,372,72.018234,2019-01-23T11:15:00.000Z,359.29007
1593,2019-01-23,1,4,23,4,0,11:30:00,11,30,morning,388,64.16142,2019-01-23T11:30:00.000Z,361.66046
1593,2019-01-23,1,4,23,4,0,11:45:00,11,45,morning,416,63.557133,2019-01-23T11:45:00.000Z,354.1698
1593,2019-01-23,1,4,23,4,0,12:00:00,12,0,afternoon,362,63.3541,2019-01-23T12:00:00.000Z,348.49738
1593,2019-01-23,1,4,23,4,0,12:15:00,12,15,afternoon,375,80.048,2019-01-23T12:15:00.000Z,347.59412
1593,2019-01-23,1,4,23,4,0,12:30:00,12,30,afternoon,381,82.04943,2019-01-23T12:30:00.000Z,347.68314
1593,2019-01-23,1,4,23,4,0,12:45:00,12,45,afternoon,363,81.864555,2019-01-23T12:45:00.000Z,351.29022
1593,2019-01-23,1,4,23,4,0,13:00:00,13,0,afternoon,363,79.32966,2019-01-23T13:00:00.000Z,332.5789
1593,2019-01-23,1,4,23,4,0,13:15:00,13,15,afternoon,336,80.60615,2019-01-23T13:15:00.000Z,327.05234
1593,2019-01-23,1,4,23,4,0,13:30:00,13,30,afternoon,322,81.05228,2019-01-23T13:30:00.000Z,323.06973
1593,2019-01-23,1,4,23,4,0,13:45:00,13,45,afternoon,352,80.351326,2019-01-23T13:45:00.000Z,311.45087
1593,2019-01-23,1,4,23,4,0,14:00:00,14,0,afternoon,358,64.802376,2019-01-23T14:00:00.000Z,303.36093
1593,2019-01-23,1,4,23,4,0,14:15:00,14,15,afternoon,307,47.872158,2019-01-23T14:15:00.000Z,285.0871
1593,2019-01-23,1,4,23,4,0,14:30:00,14,30,afternoon,298,57.39144,2019-01-23T14:30:00.000Z,267.8914
1593,2019-01-23,1,4,23,4,0,14:45:00,14,45,afternoon,324,63.476852,2019-01-23T14:45:00.000Z,272.67575
1593,2019-01-23,1,4,23,4,0,15:00:00,15,0,afternoon,289,49.856056,2019-01-23T15:00:00.000Z,274.23477
1593,2019-01-23,1,4,23,4,0,15:15:00,15,15,afternoon,239,46.453835,2019-01-23T15:15:00.000Z,249.3764
1593,2019-01-23,1,4,23,4,0,15:30:00,15,30,afternoon,254,48.144882,2019-01-23T15:30:00.000Z,234.61064
1593,2019-01-23,1,4,23,4,0,15:45:00,15,45,afternoon,228,46.756943,2019-01-23T15:45:00.000Z,241.83699
1593,2019-01-23,1,4,23,4,0,16:00:00,16,0,afternoon,246,52.09763,2019-01-23T16:00:00.000Z,225.24681
1593,2019-01-23,1,4,23,4,0,16:15:00,16,15,afternoon,208,50.454716,2019-01-23T16:15:00.000Z,200.55136
1593,2019-01-23,1,4,23,4,0,16:30:00,16,30,afternoon,198,58.185184,2019-01-23T16:30:00.000Z,200.03857
1593,2019-01-23,1,4,23,4,0,16:45:00,16,45,afternoon,124,42.955555,2019-01-23T16:45:00.000Z,188.12863
1593,2019-01-23,1,4,23,4,0,17:00:00,17,0,afternoon,163,53.773415,2019-01-23T17:00:00.000Z,192.91481
1593,2019-01-23,1,4,23,4,0,17:15:00,17,15,afternoon,194,56.27105,2019-01-23T17:15:00.000Z,179.44324
1593,2019-01-23,1,4,23,4,0,17:30:00,17,30,afternoon,240,61.988888,2019-01-23T17:30:00.000Z,176.02115
1593,2019-01-23,1,4,23,4,0,17:45:00,17,45,afternoon,231,64.994225,2019-01-23T17:45:00.000Z,159.41318
1593,2019-01-23,1,4,23,4,0,18:00:00,18,0,evening,214,72.50701,2019-01-23T18:00:00.000Z,162.73071
1593,2019-01-23,1,4,23,4,0,18:15:00,18,15,evening,130,84.042305,2019-01-23T18:15:00.000Z,162.24054
1593,2019-01-23,1,4,23,4,0,18:30:00,18,30,evening,157,84.734604,2019-01-23T18:30:00.000Z,162.54042
1593,2019-01-23,1,4,23,4,0,18:45:00,18,45,evening,127,85.16929,2019-01-23T18:45:00.000Z,150.57454
1593,2019-01-23,1,4,23,4,0,19:00:00,19,0,evening,120,85.82222,2019-01-23T19:00:00.000Z,143.0084
1593,2019-01-23,1,4,23,4,0,19:15:00,19,15,evening,146,85.307076,2019-01-23T19:15:00.000Z,124.02789
1593,2019-01-23,1,4,23,4,0,19:30:00,19,30,evening,111,86.64264,2019-01-23T19:30:00.000Z,123.389206
1593,2019-01-23,1,4,23,4,0,19:45:00,19,45,evening,105,85.39207,2019-01-23T19:45:00.000Z,108.73518
1593,2019-01-23,1,4,23,4,0,20:00:00,20,0,evening,98,85.484695,2019-01-23T20:00:00.000Z,99.98328
1593,2019-01-23,1,4,23,4,0,20:15:00,20,15,evening,94,85.36347,2019-01-23T20:15:00.000Z,102.56816
1593,2019-01-23,1,4,23,4,0,20:30:00,20,30,evening,88,86.48864,2019-01-23T20:30:00.000Z,89.21141
1593,2019-01-23,1,4,23,4,0,20:45:00,20,45,evening,78,85.4188,2019-01-23T20:45:00.000Z,82.56849
1593,2019-01-23,1,4,23,4,0,21:00:00,21,0,evening,67,86.512436,2019-01-23T21:00:00.000Z,76.98088
1593,2019-01-23,1,4,23,4,0,21:15:00,21,15,evening,58,87.373566,2019-01-23T21:15:00.000Z,72.47498
1593,2019-01-23,1,4,23,4,0,21:30:00,21,30,evening,72,85.44676,2019-01-23T21:30:00.000Z,68.3122
1593,2019-01-23,1,4,23,4,0,21:45:00,21,45,evening,51,81.26144,2019-01-23T21:45:00.000Z,63.70959
1593,2019-01-23,1,4,23,4,0,22:00:00,22,0,evening,64,86.68229,2019-01-23T22:00:00.000Z,59.12772
1593,2019-01-23,1,4,23,4,0,22:15:00,22,15,evening,50,84.66333,2019-01-23T22:15:00.000Z,55.350872
1593,2019-01-23,1,4,23,4,0,22:30:00,22,30,evening,51,86.93464,2019-01-23T22:30:00.000Z,56.722702
1593,2019-01-23,1,4,23,4,0,22:45:00,22,45,evening,55,86.41818,2019-01-23T22:45:00.000Z,53.24153
1593,2019-01-23,1,4,23,4,0,23:00:00,23,0,evening,49,86.61905,2019-01-23T23:00:00.000Z,54.765224
1593,2019-01-23,1,4,23,4,0,23:15:00,23,15,evening,47,86.30496,2019-01-23T23:15:00.000Z,52.755363
1593,2019-01-23,1,4,23,4,0,23:30:00,23,30,evening,47,86.624115,2019-01-23T23:30:00.000Z,52.342396
1593,2019-01-23,1,4,23,4,0,23:45:00,23,45,evening,54,85.90741,2019-01-23T23:45:00.000Z,52.332897
1593,2019-01-24,1,4,24,5,0,00:00:00,0,0,night,45,87.62222,2019-01-24T00:00:00.000Z,51.000725
1593,2019-01-24,1,4,24,5,0,00:15:00,0,15,night,55,87.45757,2019-01-24T00:15:00.000Z,50.018272
1593,2019-01-24,1,4,24,5,0,00:30:00,0,30,night,48,85.829865,2019-01-24T00:30:00.000Z,48.852837
1593,2019-01-24,1,4,24,5,0,00:45:00,0,45,night,49,85.39796,2019-01-24T00:45:00.000Z,49.470657
1593,2019-01-24,1,4,24,5,0,01:00:00,1,0,night,45,85.85926,2019-01-24T01:00:00.000Z,48.09779
1593,2019-01-24,1,4,24,5,0,01:15:00,1,15,night,49,86.76871,2019-01-24T01:15:00.000Z,52.03112
1593,2019-01-24,1,4,24,5,0,01:30:00,1,30,night,62,87.06721,2019-01-24T01:30:00.000Z,52.2207
1593,2019-01-24,1,4,24,5,0,01:45:00,1,45,night,70,86.440475,2019-01-24T01:45:00.000Z,55.899555
1593,2019-01-24,1,4,24,5,0,02:00:00,2,0,night,68,86.90932,2019-01-24T02:00:00.000Z,57.28706
1593,2019-01-24,1,4,24,5,0,02:15:00,2,15,night,82,85.479675,2019-01-24T02:15:00.000Z,63.635048
1593,2019-01-24,1,4,24,5,0,02:30:00,2,30,night,81,86.609055,2019-01-24T02:30:00.000Z,84.203316
1593,2019-01-24,1,4,24,5,0,02:45:00,2,45,night,73,87.630135,2019-01-24T02:45:00.000Z,112.51567
1593,2019-01-24,1,4,24,5,0,03:00:00,3,0,night,95,87.1614,2019-01-24T03:00:00.000Z,130.53473
1593,2019-01-24,1,4,24,5,0,03:15:00,3,15,night,116,86.30316,2019-01-24T03:15:00.000Z,160.39871
1593,2019-01-24,1,4,24,5,0,03:30:00,3,30,night,126,86.57407,2019-01-24T03:30:00.000Z,167.19127
1593,2019-01-24,1,4,24,5,0,03:45:00,3,45,night,173,86.95954,2019-01-24T03:45:00.000Z,151.85027
1593,2019-01-24,1,4,24,5,0,04:00:00,4,0,night,185,86.426125,2019-01-24T04:00:00.000Z,167.16792
1593,2019-01-24,1,4,24,5,0,04:15:00,4,15,night,268,85.749374,2019-01-24T04:15:00.000Z,190.7068
1593,2019-01-24,1,4,24,5,0,04:30:00,4,30,night,271,85.92374,2019-01-24T04:30:00.000Z,210.82751
1593,2019-01-24,1,4,24,5,0,04:45:00,4,45,night,265,86.591194,2019-01-24T04:45:00.000Z,276.6581
1593,2019-01-24,1,4,24,5,0,05:00:00,5,0,night,305,86.13606,2019-01-24T05:00:00.000Z,297.5025
1593,2019-01-24,1,4,24,5,0,05:15:00,5,15,night,362,84.12339,2019-01-24T05:15:00.000Z,345.09128
1593,2019-01-24,1,4,24,5,0,05:30:00,5,30,night,339,83.46558,2019-01-24T05:30:00.000Z,336.6384
1593,2019-01-24,1,4,24,5,0,05:45:00,5,45,night,309,83.47303,2019-01-24T05:45:00.000Z,318.03607
1593,2019-01-24,1,4,24,5,0,06:00:00,6,0,morning,274,81.82725,2019-01-24T06:00:00.000Z,297.51422
1593,2019-01-24,1,4,24,5,0,06:15:00,6,15,morning,258,81.531006,2019-01-24T06:15:00.000Z,285.24286
1593,2019-01-24,1,4,24,5,0,06:30:00,6,30,morning,257,75.56809,2019-01-24T06:30:00.000Z,256.37146
1593,2019-01-24,1,4,24,5,0,06:45:00,6,45,morning,237,72.7841,2019-01-24T06:45:00.000Z,224.96536
1593,2019-01-24,1,4,24,5,0,07:00:00,7,0,morning,199,75.68426,2019-01-24T07:00:00.000Z,203.52867
1593,2019-01-24,1,4,24,5,0,07:15:00,7,15,morning,214,80.78037,2019-01-24T07:15:00.000Z,205.63411
1593,2019-01-24,1,4,24,5,0,07:30:00,7,30,morning,241,81.42255,2019-01-24T07:30:00.000Z,222.58801
1593,2019-01-24,1,4,24,5,0,07:45:00,7,45,morning,259,82.50129,2019-01-24T07:45:00.000Z,240.52362
1593,2019-01-24,1,4,24,5,0,08:00:00,8,0,morning,289,82.43079,2019-01-24T08:00:00.000Z,253.81175
1593,2019-01-24,1,4,24,5,0,08:15:00,8,15,morning,322,82.79296,2019-01-24T08:15:00.000Z,276.0725
1593,2019-01-24,1,4,24,5,0,08:30:00,8,30,morning,309,81.11435,2019-01-24T08:30:00.000Z,307.78363
1593,2019-01-24,1,4,24,5,0,08:45:00,8,45,morning,347,82.58261,2019-01-24T08:45:00.000Z,336.3282
1593,2019-01-24,1,4,24,5,0,09:00:00,9,0,morning,380,82.86053,2019-01-24T09:00:00.000Z,361.83212
1593,2019-01-24,1,4,24,5,0,09:15:00,9,15,morning,380,81.657455,2019-01-24T09:15:00.000Z,379.39877
1593,2019-01-24,1,4,24,5,0,09:30:00,9,30,morning,366,81.96995,2019-01-24T09:30:00.000Z,380.55737
1593,2019-01-24,1,4,24,5,0,09:45:00,9,45,morning,362,83.05663,2019-01-24T09:45:00.000Z,388.93124
1593,2019-01-24,1,4,24,5,0,10:00:00,10,0,morning,336,82.50397,2019-01-24T10:00:00.000Z,393.79074
1593,2019-01-24,1,4,24,5,0,10:15:00,10,15,morning,375,82.253334,2019-01-24T10:15:00.000Z,391.81958
1593,2019-01-24,1,4,24,5,0,10:30:00,10,30,morning,402,81.815506,2019-01-24T10:30:00.000Z,385.51727
1593,2019-01-24,1,4,24,5,0,10:45:00,10,45,morning,391,81.73146,2019-01-24T10:45:00.000Z,378.88336
1593,2019-01-24,1,4,24,5,0,11:00:00,11,0,morning,379,81.87511,2019-01-24T11:00:00.000Z,366.70425
1593,2019-01-24,1,4,24,5,0,11:15:00,11,15,morning,382,81.05803,2019-01-24T11:15:00.000Z,369.0706
1593,2019-01-24,1,4,24,5,0,11:30:00,11,30,morning,394,81.431046,2019-01-24T11:30:00.000Z,371.02023
1593,2019-01-24,1,4,24,5,0,11:45:00,11,45,morning,385,81.765366,2019-01-24T11:45:00.000Z,364.96494
1593,2019-01-24,1,4,24,5,0,12:00:00,12,0,afternoon,389,82.36204,2019-01-24T12:00:00.000Z,357.05457
1593,2019-01-24,1,4,24,5,0,12:15:00,12,15,afternoon,385,82.12944,2019-01-24T12:15:00.000Z,352.1432
1593,2019-01-24,1,4,24,5,0,12:30:00,12,30,afternoon,351,82.75166,2019-01-24T12:30:00.000Z,350.40555
1593,2019-01-24,1,4,24,5,0,12:45:00,12,45,afternoon,362,80.65884,2019-01-24T12:45:00.000Z,343.3108
1593,2019-01-24,1,4,24,5,0,13:00:00,13,0,afternoon,322,82.36801,2019-01-24T13:00:00.000Z,338.4404
1593,2019-01-24,1,4,24,5,0,13:15:00,13,15,afternoon,352,81.625,2019-01-24T13:15:00.000Z,331.37122
1593,2019-01-24,1,4,24,5,0,13:30:00,13,30,afternoon,373,71.132034,2019-01-24T13:30:00.000Z,313.50992
1593,2019-01-24,1,4,24,5,0,13:45:00,13,45,afternoon,298,57.26706,2019-01-24T13:45:00.000Z,306.9588
1593,2019-01-24,1,4,24,5,0,14:00:00,14,0,afternoon,312,63.430023,2019-01-24T14:00:00.000Z,283.45108
1593,2019-01-24,1,4,24,5,0,14:15:00,14,15,afternoon,277,48.30969,2019-01-24T14:15:00.000Z,284.03595
1593,2019-01-24,1,4,24,5,0,14:30:00,14,30,afternoon,283,44.700413,2019-01-24T14:30:00.000Z,289.25177
1593,2019-01-24,1,4,24,5,0,14:45:00,14,45,afternoon,237,46.429344,2019-01-24T14:45:00.000Z,254.45653
1593,2019-01-24,1,4,24,5,0,15:00:00,15,0,afternoon,230,55.745796,2019-01-24T15:00:00.000Z,245.20024
1593,2019-01-24,1,4,24,5,0,15:15:00,15,15,afternoon,236,57.234604,2019-01-24T15:15:00.000Z,222.17674
1593,2019-01-24,1,4,24,5,0,15:30:00,15,30,afternoon,209,41.665657,2019-01-24T15:30:00.000Z,217.39233
1593,2019-01-24,1,4,24,5,0,15:45:00,15,45,afternoon,201,44.930016,2019-01-24T15:45:00.000Z,195.75172
1593,2019-01-24,1,4,24,5,0,16:00:00,16,0,afternoon,194,44.5628,2019-01-24T16:00:00.000Z,189.90695
1593,2019-01-24,1,4,24,5,0,16:15:00,16,15,afternoon,191,49.992756,2019-01-24T16:15:00.000Z,190.06326
1593,2019-01-24,1,4,24,5,0,16:30:00,16,30,afternoon,184,50.380253,2019-01-24T16:30:00.000Z,181.52817
1593,2019-01-24,1,4,24,5,0,16:45:00,16,45,afternoon,192,36.98094,2019-01-24T16:45:00.000Z,179.09073
1593,2019-01-24,1,4,24,5,0,17:00:00,17,0,afternoon,198,47.25581,2019-01-24T17:00:00.000Z,175.30307
1593,2019-01-24,1,4,24,5,0,17:15:00,17,15,afternoon,194,44.34169,2019-01-24T17:15:00.000Z,171.6679
1593,2019-01-24,1,4,24,5,0,17:30:00,17,30,afternoon,181,39.193672,2019-01-24T17:30:00.000Z,166.10313
1593,2019-01-24,1,4,24,5,0,17:45:00,17,45,afternoon,195,50.29656,2019-01-24T17:45:00.000Z,162.30853
1593,2019-01-24,1,4,24,5,0,18:00:00,18,0,evening,216,57.931866,2019-01-24T18:00:00.000Z,155.90742
1593,2019-01-24,1,4,24,5,0,18:15:00,18,15,evening,255,66.341896,2019-01-24T18:15:00.000Z,147.54378
1593,2019-01-24,1,4,24,5,0,18:30:00,18,30,evening,154,82.94697,2019-01-24T18:30:00.000Z,138.27824
1593,2019-01-24,1,4,24,5,0,18:45:00,18,45,evening,138,84.21619,2019-01-24T18:45:00.000Z,134.35176
1593,2019-01-24,1,4,24,5,0,19:00:00,19,0,evening,145,85.211494,2019-01-24T19:00:00.000Z,130.61546
1593,2019-01-24,1,4,24,5,0,19:15:00,19,15,evening,106,86.17767,2019-01-24T19:15:00.000Z,130.75053
1593,2019-01-24,1,4,24,5,0,19:30:00,19,30,evening,116,85.163795,2019-01-24T19:30:00.000Z,109.70801
1593,2019-01-24,1,4,24,5,0,19:45:00,19,45,evening,134,85.89677,2019-01-24T19:45:00.000Z,101.71468
1593,2019-01-24,1,4,24,5,0,20:00:00,20,0,evening,85,85.329414,2019-01-24T20:00:00.000Z,99.39469
1593,2019-01-24,1,4,24,5,0,20:15:00,20,15,evening,88,85.82386,2019-01-24T20:15:00.000Z,86.763504
1593,2019-01-24,1,4,24,5,0,20:30:00,20,30,evening,89,86.05993,2019-01-24T20:30:00.000Z,84.87851
1593,2019-01-24,1,4,24,5,0,20:45:00,20,45,evening,88,85.85227,2019-01-24T20:45:00.000Z,88.78892
1593,2019-01-24,1,4,24,5,0,21:00:00,21,0,evening,61,86.78142,2019-01-24T21:00:00.000Z,76.911285
1593,2019-01-24,1,4,24,5,0,21:15:00,21,15,evening,64,82.51432,2019-01-24T21:15:00.000Z,72.36415
1593,2019-01-24,1,4,24,5,0,21:30:00,21,30,evening,65,85.53846,2019-01-24T21:30:00.000Z,70.524254
1593,2019-01-24,1,4,24,5,0,21:45:00,21,45,evening,50,86.003334,2019-01-24T21:45:00.000Z,68.45601
1593,2019-01-24,1,4,24,5,0,22:00:00,22,0,evening,53,86.8522,2019-01-24T22:00:00.000Z,61.05991
1593,2019-01-24,1,4,24,5,0,22:15:00,22,15,evening,61,85.59563,2019-01-24T22:15:00.000Z,58.30617
1593,2019-01-24,1,4,24,5,0,22:30:00,22,30,evening,67,86.42538,2019-01-24T22:30:00.000Z,56.936665
1593,2019-01-24,1,4,24,5,0,22:45:00,22,45,evening,62,86.3629,2019-01-24T22:45:00.000Z,53.28154
1593,2019-01-24,1,4,24,5,0,23:00:00,23,0,evening,39,84.74786,2019-01-24T23:00:00.000Z,52.51091
1593,2019-01-24,1,4,24,5,0,23:15:00,23,15,evening,42,86.97619,2019-01-24T23:15:00.000Z,53.171047
1593,2019-01-24,1,4,24,5,0,23:30:00,23,30,evening,47,85.358154,2019-01-24T23:30:00.000Z,54.489258
1593,2019-01-24,1,4,24,5,0,23:45:00,23,45,evening,48,87.40972,2019-01-24T23:45:00.000Z,54.70694
1593,2019-01-25,1,4,25,6,0,00:00:00,0,0,night,60,87.130554,2019-01-25T00:00:00.000Z,51.35037
1593,2019-01-25,1,4,25,6,0,00:15:00,0,15,night,71,86.62206,2019-01-25T00:15:00.000Z,49.60044
1593,2019-01-25,1,4,25,6,0,00:30:00,0,30,night,38,87.4386,2019-01-25T00:30:00.000Z,47.75441
1593,2019-01-25,1,4,25,6,0,00:45:00,0,45,night,55,86.181816,2019-01-25T00:45:00.000Z,46.95266
1593,2019-01-25,1,4,25,6,0,01:00:00,1,0,night,46,86.778984,2019-01-25T01:00:00.000Z,50.86374
1593,2019-01-25,1,4,25,6,0,01:15:00,1,15,night,45,84.703705,2019-01-25T01:15:00.000Z,61.180794
1593,2019-01-25,1,4,25,6,0,01:30:00,1,30,night,44,87.58712,2019-01-25T01:30:00.000Z,54.729496
1593,2019-01-25,1,4,25,6,0,01:45:00,1,45,night,75,86.975555,2019-01-25T01:45:00.000Z,63.34612
1593,2019-01-25,1,4,25,6,0,02:00:00,2,0,night,61,86.590164,2019-01-25T02:00:00.000Z,60.82287
1593,2019-01-25,1,4,25,6,0,02:15:00,2,15,night,75,86.17111,2019-01-25T02:15:00.000Z,61.531643
1593,2019-01-25,1,4,25,6,0,02:30:00,2,30,night,86,86.98256,2019-01-25T02:30:00.000Z,62.402496
1593,2019-01-25,1,4,25,6,0,02:45:00,2,45,night,77,86.69697,2019-01-25T02:45:00.000Z,102.62367
1593,2019-01-25,1,4,25,6,0,03:00:00,3,0,night,98,87.05102,2019-01-25T03:00:00.000Z,111.44631
1593,2019-01-25,1,4,25,6,0,03:15:00,3,15,night,138,87.03261,2019-01-25T03:15:00.000Z,141.33638
1593,2019-01-25,1,4,25,6,0,03:30:00,3,30,night,167,87.448105,2019-01-25T03:30:00.000Z,168.36621
1593,2019-01-25,1,4,25,6,0,03:45:00,3,45,night,132,86.39141,2019-01-25T03:45:00.000Z,162.89322
1593,2019-01-25,1,4,25,6,0,04:00:00,4,0,night,173,85.490364,2019-01-25T04:00:00.000Z,184.95682
1593,2019-01-25,1,4,25,6,0,04:15:00,4,15,night,225,80.64629,2019-01-25T04:15:00.000Z,239.78265
1593,2019-01-25,1,4,25,6,0,04:30:00,4,30,night,227,84.96696,2019-01-25T04:30:00.000Z,285.21307
1593,2019-01-25,1,4,25,6,0,04:45:00,4,45,night,271,85.45203,2019-01-25T04:45:00.000Z,267.19327
1593,2019-01-25,1,4,25,6,0,05:00:00,5,0,night,270,84.74691,2019-01-25T05:00:00.000Z,296.0776
1593,2019-01-25,1,4,25,6,0,05:15:00,5,15,night,324,82.48714,2019-01-25T05:15:00.000Z,319.05963
1593,2019-01-25,1,4,25,6,0,05:30:00,5,30,night,311,82.03644,2019-01-25T05:30:00.000Z,316.6089
1593,2019-01-25,1,4,25,6,0,05:45:00,5,45,night,296,81.996056,2019-01-25T05:45:00.000Z,317.1523
1593,2019-01-25,1,4,25,6,0,06:00:00,6,0,morning,289,81.17993,2019-01-25T06:00:00.000Z,293.06287
1593,2019-01-25,1,4,25,6,0,06:15:00,6,15,morning,249,80.706825,2019-01-25T06:15:00.000Z,285.87027
1593,2019-01-25,1,4,25,6,0,06:30:00,6,30,morning,232,80.60058,2019-01-25T06:30:00.000Z,258.72202
1593,2019-01-25,1,4,25,6,0,06:45:00,6,45,morning,222,78.36862,2019-01-25T06:45:00.000Z,232.75032
1593,2019-01-25,1,4,25,6,0,07:00:00,7,0,morning,257,79.02205,2019-01-25T07:00:00.000Z,217.01662
1593,2019-01-25,1,4,25,6,0,07:15:00,7,15,morning,252,80.955025,2019-01-25T07:15:00.000Z,207.3158
1593,2019-01-25,1,4,25,6,0,07:30:00,7,30,morning,231,79.57143,2019-01-25T07:30:00.000Z,215.30325
1593,2019-01-25,1,4,25,6,0,07:45:00,7,45,morning,260,81.25064,2019-01-25T07:45:00.000Z,231.76686
1593,2019-01-25,1,4,25,6,0,08:00:00,8,0,morning,296,81.83727,2019-01-25T08:00:00.000Z,266.3299
1593,2019-01-25,1,4,25,6,0,08:15:00,8,15,morning,314,82.27335,2019-01-25T08:15:00.000Z,292.20743
1593,2019-01-25,1,4,25,6,0,08:30:00,8,30,morning,345,81.35894,2019-01-25T08:30:00.000Z,305.467
1593,2019-01-25,1,4,25,6,0,08:45:00,8,45,morning,330,82.24293,2019-01-25T08:45:00.000Z,330.199
1593,2019-01-25,1,4,25,6,0,09:00:00,9,0,morning,318,81.98952,2019-01-25T09:00:00.000Z,356.19357
1593,2019-01-25,1,4,25,6,0,09:15:00,9,15,morning,374,82.05437,2019-01-25T09:15:00.000Z,370.53616
1593,2019-01-25,1,4,25,6,0,09:30:00,9,30,morning,372,82.372536,2019-01-25T09:30:00.000Z,382.08447
1593,2019-01-25,1,4,25,6,0,09:45:00,9,45,morning,398,81.298996,2019-01-25T09:45:00.000Z,380.4561
1593,2019-01-25,1,4,25,6,0,10:00:00,10,0,morning,386,82.329445,2019-01-25T10:00:00.000Z,375.94836
1593,2019-01-25,1,4,25,6,0,10:15:00,10,15,morning,356,82.19616,2019-01-25T10:15:00.000Z,383.79053
1593,2019-01-25,1,4,25,6,0,10:30:00,10,30,morning,373,82.021,2019-01-25T10:30:00.000Z,379.9084
1593,2019-01-25,1,4,25,6,0,10:45:00,10,45,morning,390,81.3235,2019-01-25T10:45:00.000Z,380.96902
1593,2019-01-25,1,4,25,6,0,11:00:00,11,0,morning,364,80.79808,2019-01-25T11:00:00.000Z,374.43762
1593,2019-01-25,1,4,25,6,0,11:15:00,11,15,morning,376,81.1383,2019-01-25T11:15:00.000Z,362.53564
1593,2019-01-25,1,4,25,6,0,11:30:00,11,30,morning,406,76.79392,2019-01-25T11:30:00.000Z,360.1555
1593,2019-01-25,1,4,25,6,0,11:45:00,11,45,morning,362,57.244015,2019-01-25T11:45:00.000Z,360.17728
1593,2019-01-25,1,4,25,6,0,12:00:00,12,0,afternoon,377,68.52719,2019-01-25T12:00:00.000Z,349.39972
1593,2019-01-25,1,4,25,6,0,12:15:00,12,15,afternoon,337,59.969486,2019-01-25T12:15:00.000Z,346.41092
1593,2019-01-25,1,4,25,6,0,12:30:00,12,30,afternoon,315,53.736137,2019-01-25T12:30:00.000Z,349.92764
1593,2019-01-25,1,4,25,6,0,12:45:00,12,45,afternoon,298,51.133324,2019-01-25T12:45:00.000Z,333.56372
1593,2019-01-25,1,4,25,6,0,13:00:00,13,0,afternoon,327,46.40214,2019-01-25T13:00:00.000Z,329.42935
1593,2019-01-25,1,4,25,6,0,13:15:00,13,15,afternoon,319,50.443104,2019-01-25T13:15:00.000Z,309.3593
1593,2019-01-25,1,4,25,6,0,13:30:00,13,30,afternoon,299,45.497795,2019-01-25T13:30:00.000Z,288.53482
1593,2019-01-25,1,4,25,6,0,13:45:00,13,45,afternoon,241,42.504395,2019-01-25T13:45:00.000Z,267.1326
1593,2019-01-25,1,4,25,6,0,14:00:00,14,0,afternoon,254,55.976967,2019-01-25T14:00:00.000Z,268.23834
1593,2019-01-25,1,4,25,6,0,14:15:00,14,15,afternoon,223,49.839012,2019-01-25T14:15:00.000Z,258.61658
1593,2019-01-25,1,4,25,6,0,14:30:00,14,30,afternoon,246,48.97168,2019-01-25T14:30:00.000Z,242.38892
1593,2019-01-25,1,4,25,6,0,14:45:00,14,45,afternoon,221,40.20684,2019-01-25T14:45:00.000Z,208.31908
1593,2019-01-25,1,4,25,6,0,15:00:00,15,0,afternoon,190,35.691227,2019-01-25T15:00:00.000Z,202.48856
1593,2019-01-25,1,4,25,6,0,15:15:00,15,15,afternoon,151,39.58412,2019-01-25T15:15:00.000Z,186.75731
1593,2019-01-25,1,4,25,6,0,15:30:00,15,30,afternoon,158,40.421345,2019-01-25T15:30:00.000Z,192.53712
1593,2019-01-25,1,4,25,6,0,15:45:00,15,45,afternoon,188,35.17685,2019-01-25T15:45:00.000Z,182.51535
1593,2019-01-25,1,4,25,6,0,16:00:00,16,0,afternoon,145,38.625256,2019-01-25T16:00:00.000Z,174.75166
1593,2019-01-25,1,4,25,6,0,16:15:00,16,15,afternoon,147,35.581623,2019-01-25T16:15:00.000Z,165.19109
1593,2019-01-25,1,4,25,6,0,16:30:00,16,30,afternoon,146,42.81466,2019-01-25T16:30:00.000Z,163.26877
1593,2019-01-25,1,4,25,6,0,16:45:00,16,45,afternoon,140,29.162746,2019-01-25T16:45:00.000Z,165.57167
1593,2019-01-25,1,4,25,6,0,17:00:00,17,0,afternoon,160,37.329956,2019-01-25T17:00:00.000Z,151.02829
1593,2019-01-25,1,4,25,6,0,17:15:00,17,15,afternoon,144,33.43689,2019-01-25T17:15:00.000Z,147.23448
1593,2019-01-25,1,4,25,6,0,17:30:00,17,30,afternoon,128,39.773457,2019-01-25T17:30:00.000Z,140.02098
1593,2019-01-25,1,4,25,6,0,17:45:00,17,45,afternoon,171,49.61501,2019-01-25T17:45:00.000Z,130.77989
1593,2019-01-25,1,4,25,6,0,18:00:00,18,0,evening,165,49.92,2019-01-25T18:00:00.000Z,128.67471
1593,2019-01-25,1,4,25,6,0,18:15:00,18,15,evening,187,54.993225,2019-01-25T18:15:00.000Z,116.86337
1593,2019-01-25,1,4,25,6,0,18:30:00,18,30,evening,148,71.69482,2019-01-25T18:30:00.000Z,106.322525
1593,2019-01-25,1,4,25,6,0,18:45:00,18,45,evening,101,83.76733,2019-01-25T18:45:00.000Z,113.1464
1593,2019-01-25,1,4,25,6,0,19:00:00,19,0,evening,101,84.35149,2019-01-25T19:00:00.000Z,105.59408
1593,2019-01-25,1,4,25,6,0,19:15:00,19,15,evening,138,81.83696,2019-01-25T19:15:00.000Z,108.91604
1593,2019-01-25,1,4,25,6,0,19:30:00,19,30,evening,95,84.145615,2019-01-25T19:30:00.000Z,98.47973
1593,2019-01-25,1,4,25,6,0,19:45:00,19,45,evening,91,85.337,2019-01-25T19:45:00.000Z,85.286575
1593,2019-01-25,1,4,25,6,0,20:00:00,20,0,evening,81,85.545265,2019-01-25T20:00:00.000Z,79.51308
1593,2019-01-25,1,4,25,6,0,20:15:00,20,15,evening,65,85.917946,2019-01-25T20:15:00.000Z,87.502594
1593,2019-01-25,1,4,25,6,0,20:30:00,20,30,evening,70,85.09524,2019-01-25T20:30:00.000Z,77.81679
1593,2019-01-25,1,4,25,6,0,20:45:00,20,45,evening,78,85.779915,2019-01-25T20:45:00.000Z,73.05427
1593,2019-01-25,1,4,25,6,0,21:00:00,21,0,evening,61,84.69125,2019-01-25T21:00:00.000Z,68.810425
1593,2019-01-25,1,4,25,6,0,21:15:00,21,15,evening,56,86.46131,2019-01-25T21:15:00.000Z,62.62129
1593,2019-01-25,1,4,25,6,0,21:30:00,21,30,evening,47,83.06383,2019-01-25T21:30:00.000Z,60.65886
1593,2019-01-25,1,4,25,6,0,21:45:00,21,45,evening,53,85.462265,2019-01-25T21:45:00.000Z,61.08802
1593,2019-01-25,1,4,25,6,0,22:00:00,22,0,evening,54,86.71605,2019-01-25T22:00:00.000Z,57.47297
1593,2019-01-25,1,4,25,6,0,22:15:00,22,15,evening,49,87.46939,2019-01-25T22:15:00.000Z,55.072945
1593,2019-01-25,1,4,25,6,0,22:30:00,22,30,evening,61,85.13388,2019-01-25T22:30:00.000Z,51.8999
1593,2019-01-25,1,4,25,6,0,22:45:00,22,45,evening,41,85.44715,2019-01-25T22:45:00.000Z,50.919247
1593,2019-01-25,1,4,25,6,0,23:00:00,23,0,evening,30,85.86667,2019-01-25T23:00:00.000Z,49.95211
1593,2019-01-25,1,4,25,6,0,23:15:00,23,15,evening,42,86.769844,2019-01-25T23:15:00.000Z,48.63724
1593,2019-01-25,1,4,25,6,0,23:30:00,23,30,evening,36,86.49537,2019-01-25T23:30:00.000Z,50.679966
1593,2019-01-25,1,4,25,6,0,23:45:00,23,45,evening,29,86.43104,2019-01-25T23:45:00.000Z,47.343628
1593,2019-01-26,1,4,26,7,1,00:00:00,0,0,night,50,86.236664,2019-01-26T00:00:00.000Z,44.041195
1593,2019-01-26,1,4,26,7,1,00:15:00,0,15,night,54,86.888885,2019-01-26T00:15:00.000Z,43.457905
1593,2019-01-26,1,4,26,7,1,00:30:00,0,30,night,47,87.45744,2019-01-26T00:30:00.000Z,40.878433
1593,2019-01-26,1,4,26,7,1,00:45:00,0,45,night,37,87.02252,2019-01-26T00:45:00.000Z,38.809868
1593,2019-01-26,1,4,26,7,1,01:00:00,1,0,night,34,85.94118,2019-01-26T01:00:00.000Z,48.3259
1593,2019-01-26,1,4,26,7,1,01:15:00,1,15,night,30,84.388885,2019-01-26T01:15:00.000Z,59.86864
1593,2019-01-26,1,4,26,7,1,01:30:00,1,30,night,34,86.90686,2019-01-26T01:30:00.000Z,68.57203
1593,2019-01-26,1,4,26,7,1,01:45:00,1,45,night,59,85.9887,2019-01-26T01:45:00.000Z,66.59187
1593,2019-01-26,1,4,26,7,1,02:00:00,2,0,night,50,87.42333,2019-01-26T02:00:00.000Z,61.22671
1593,2019-01-26,1,4,26,7,1,02:15:00,2,15,night,38,86.11404,2019-01-26T02:15:00.000Z,53.465706
1593,2019-01-26,1,4,26,7,1,02:30:00,2,30,night,35,86.34286,2019-01-26T02:30:00.000Z,52.09468
1593,2019-01-26,1,4,26,7,1,02:45:00,2,45,night,35,86.2,2019-01-26T02:45:00.000Z,79.58571
1593,2019-01-26,1,4,26,7,1,03:00:00,3,0,night,33,84.393936,2019-01-26T03:00:00.000Z,87.95173
1593,2019-01-26,1,4,26,7,1,03:15:00,3,15,night,64,87.125,2019-01-26T03:15:00.000Z,80.535324
1593,2019-01-26,1,4,26,7,1,03:30:00,3,30,night,48,85.392365,2019-01-26T03:30:00.000Z,70.69359
1593,2019-01-26,1,4,26,7,1,03:45:00,3,45,night,61,86.434425,2019-01-26T03:45:00.000Z,62.024246
1593,2019-01-26,1,4,26,7,1,04:00:00,4,0,night,52,84.8109,2019-01-26T04:00:00.000Z,53.81438
1593,2019-01-26,1,4,26,7,1,04:15:00,4,15,night,73,86.89497,2019-01-26T04:15:00.000Z,78.90462
1593,2019-01-26,1,4,26,7,1,04:30:00,4,30,night,72,85.8125,2019-01-26T04:30:00.000Z,72.52032
1593,2019-01-26,1,4,26,7,1,04:45:00,4,45,night,89,86.47753,2019-01-26T04:45:00.000Z,87.27539
1593,2019-01-26,1,4,26,7,1,05:00:00,5,0,night,66,85.52778,2019-01-26T05:00:00.000Z,80.20419
1593,2019-01-26,1,4,26,7,1,05:15:00,5,15,night,79,85.2173,2019-01-26T05:15:00.000Z,100.11347
1593,2019-01-26,1,4,26,7,1,05:30:00,5,30,night,68,86.17402,2019-01-26T05:30:00.000Z,97.97785
1593,2019-01-26,1,4,26,7,1,05:45:00,5,45,night,79,86.44304,2019-01-26T05:45:00.000Z,119.12285
1593,2019-01-26,1,4,26,7,1,06:00:00,6,0,morning,68,84.833336,2019-01-26T06:00:00.000Z,91.60297
1593,2019-01-26,1,4,26,7,1,06:15:00,6,15,morning,84,85.065475,2019-01-26T06:15:00.000Z,95.50612
1593,2019-01-26,1,4,26,7,1,06:30:00,6,30,morning,95,86.15965,2019-01-26T06:30:00.000Z,75.28309
1593,2019-01-26,1,4,26,7,1,06:45:00,6,45,morning,83,86.088356,2019-01-26T06:45:00.000Z,77.989334
1593,2019-01-26,1,4,26,7,1,07:00:00,7,0,morning,79,84.945145,2019-01-26T07:00:00.000Z,64.37028
1593,2019-01-26,1,4,26,7,1,07:15:00,7,15,morning,80,85.85625,2019-01-26T07:15:00.000Z,74.80238
1593,2019-01-26,1,4,26,7,1,07:30:00,7,30,morning,86,84.62597,2019-01-26T07:30:00.000Z,80.49473
1593,2019-01-26,1,4,26,7,1,07:45:00,7,45,morning,66,85.07576,2019-01-26T07:45:00.000Z,75.67362
1593,2019-01-26,1,4,26,7,1,08:00:00,8,0,morning,81,84.989716,2019-01-26T08:00:00.000Z,75.46998
1593,2019-01-26,1,4,26,7,1,08:15:00,8,15,morning,92,85.240944,2019-01-26T08:15:00.000Z,74.57912
1593,2019-01-26,1,4,26,7,1,08:30:00,8,30,morning,95,85.05088,2019-01-26T08:30:00.000Z,76.88448
1593,2019-01-26,1,4,26,7,1,08:45:00,8,45,morning,82,84.35366,2019-01-26T08:45:00.000Z,63.33175
1593,2019-01-26,1,4,26,7,1,09:00:00,9,0,morning,78,83.540596,2019-01-26T09:00:00.000Z,71.81767
1593,2019-01-26,1,4,26,7,1,09:15:00,9,15,morning,90,85.312965,2019-01-26T09:15:00.000Z,74.05792
1593,2019-01-26,1,4,26,7,1,09:30:00,9,30,morning,100,84.355,2019-01-26T09:30:00.000Z,77.54673
1593,2019-01-26,1,4,26,7,1,09:45:00,9,45,morning,99,86.24916,2019-01-26T09:45:00.000Z,70.92525
1593,2019-01-26,1,4,26,7,1,10:00:00,10,0,morning,86,83.565895,2019-01-26T10:00:00.000Z,68.884705
1593,2019-01-26,1,4,26,7,1,10:15:00,10,15,morning,71,83.18075,2019-01-26T10:15:00.000Z,74.16691
1593,2019-01-26,1,4,26,7,1,10:30:00,10,30,morning,86,85.72287,2019-01-26T10:30:00.000Z,79.12175
1593,2019-01-26,1,4,26,7,1,10:45:00,10,45,morning,101,83.79703,2019-01-26T10:45:00.000Z,80.57277
1593,2019-01-26,1,4,26,7,1,11:00:00,11,0,morning,73,84.75799,2019-01-26T11:00:00.000Z,74.22624
1593,2019-01-26,1,4,26,7,1,11:15:00,11,15,morning,82,83.85366,2019-01-26T11:15:00.000Z,64.97893
1593,2019-01-26,1,4,26,7,1,11:30:00,11,30,morning,77,83.61039,2019-01-26T11:30:00.000Z,71.61285
1593,2019-01-26,1,4,26,7,1,11:45:00,11,45,morning,81,84.4465,2019-01-26T11:45:00.000Z,77.67765
1593,2019-01-26,1,4,26,7,1,12:00:00,12,0,afternoon,70,83.192856,2019-01-26T12:00:00.000Z,62.822746
1593,2019-01-26,1,4,26,7,1,12:15:00,12,15,afternoon,51,81.14706,2019-01-26T12:15:00.000Z,70.26281
1593,2019-01-26,1,4,26,7,1,12:30:00,12,30,afternoon,69,82.09904,2019-01-26T12:30:00.000Z,64.01531
1593,2019-01-26,1,4,26,7,1,12:45:00,12,45,afternoon,79,82.55064,2019-01-26T12:45:00.000Z,67.044815
1593,2019-01-26,1,4,26,7,1,13:00:00,13,0,afternoon,68,83.17157,2019-01-26T13:00:00.000Z,60.078705
1593,2019-01-26,1,4,26,7,1,13:15:00,13,15,afternoon,60,83.12778,2019-01-26T13:15:00.000Z,49.819622
1593,2019-01-26,1,4,26,7,1,13:30:00,13,30,afternoon,60,81.8,2019-01-26T13:30:00.000Z,57.2469
1593,2019-01-26,1,4,26,7,1,13:45:00,13,45,afternoon,62,82.389786,2019-01-26T13:45:00.000Z,60.138058
1593,2019-01-26,1,4,26,7,1,14:00:00,14,0,afternoon,36,84.55093,2019-01-26T14:00:00.000Z,56.060593
1593,2019-01-26,1,4,26,7,1,14:15:00,14,15,afternoon,51,81.07189,2019-01-26T14:15:00.000Z,53.22572
1593,2019-01-26,1,4,26,7,1,14:30:00,14,30,afternoon,32,79.97396,2019-01-26T14:30:00.000Z,52.160225
1593,2019-01-26,1,4,26,7,1,14:45:00,14,45,afternoon,36,81.60185,2019-01-26T14:45:00.000Z,51.722797
1593,2019-01-26,1,4,26,7,1,15:00:00,15,0,afternoon,41,80.756096,2019-01-26T15:00:00.000Z,37.99426
1593,2019-01-26,1,4,26,7,1,15:15:00,15,15,afternoon,46,83.31159,2019-01-26T15:15:00.000Z,41.718163
1593,2019-01-26,1,4,26,7,1,15:30:00,15,30,afternoon,41,83.20731,2019-01-26T15:30:00.000Z,30.968151
1593,2019-01-26,1,4,26,7,1,15:45:00,15,45,afternoon,42,83.68651,2019-01-26T15:45:00.000Z,28.869053
1593,2019-01-26,1,4,26,7,1,16:00:00,16,0,afternoon,42,79.019844,2019-01-26T16:00:00.000Z,29.154224
1593,2019-01-26,1,4,26,7,1,16:15:00,16,15,afternoon,50,80.05,2019-01-26T16:15:00.000Z,31.683004
1593,2019-01-26,1,4,26,7,1,16:30:00,16,30,afternoon,37,37.099186,2019-01-26T16:30:00.000Z,32.051384
1593,2019-01-26,1,4,26,7,1,16:45:00,16,45,afternoon,27,25.457993,2019-01-26T16:45:00.000Z,35.460278
1593,2019-01-26,1,4,26,7,1,17:00:00,17,0,afternoon,23,12.216787,2019-01-26T17:00:00.000Z,38.903038
1593,2019-01-26,1,4,26,7,1,17:15:00,17,15,afternoon,23,17.761316,2019-01-26T17:15:00.000Z,49.60413
1593,2019-01-26,1,4,26,7,1,17:30:00,17,30,afternoon,17,19.8384,2019-01-26T17:30:00.000Z,46.756817
1593,2019-01-26,1,4,26,7,1,17:45:00,17,45,afternoon,30,33.752777,2019-01-26T17:45:00.000Z,39.531452
1593,2019-01-26,1,4,26,7,1,18:00:00,18,0,evening,37,51.290993,2019-01-26T18:00:00.000Z,32.948837
1593,2019-01-26,1,4,26,7,1,18:15:00,18,15,evening,44,68.20265,2019-01-26T18:15:00.000Z,28.560574
1593,2019-01-26,1,4,26,7,1,18:30:00,18,30,evening,27,85.47531,2019-01-26T18:30:00.000Z,23.296448
1593,2019-01-26,1,4,26,7,1,18:45:00,18,45,evening,29,86.47701,2019-01-26T18:45:00.000Z,26.291113
1593,2019-01-26,1,4,26,7,1,19:00:00,19,0,evening,16,84.635414,2019-01-26T19:00:00.000Z,32.99944
1593,2019-01-26,1,4,26,7,1,19:15:00,19,15,evening,17,87.26471,2019-01-26T19:15:00.000Z,46.867424
1593,2019-01-26,1,4,26,7,1,19:30:00,19,30,evening,17,85.90196,2019-01-26T19:30:00.000Z,44.117443
1593,2019-01-26,1,4,26,7,1,19:45:00,19,45,evening,20,86.175,2019-01-26T19:45:00.000Z,44.25014
1593,2019-01-26,1,4,26,7,1,20:00:00,20,0,evening,18,85.71296,2019-01-26T20:00:00.000Z,34.256645
1593,2019-01-26,1,4,26,7,1,20:15:00,20,15,evening,16,86.322914,2019-01-26T20:15:00.000Z,28.089823
1593,2019-01-26,1,4,26,7,1,20:30:00,20,30,evening,5,82.433334,2019-01-26T20:30:00.000Z,23.97902
1593,2019-01-26,1,4,26,7,1,20:45:00,20,45,evening,12,83.486115,2019-01-26T20:45:00.000Z,22.87318
1593,2019-01-26,1,4,26,7,1,21:00:00,21,0,evening,16,84.625,2019-01-26T21:00:00.000Z,21.556118
1593,2019-01-26,1,4,26,7,1,21:15:00,21,15,evening,17,85.86275,2019-01-26T21:15:00.000Z,20.38752
1593,2019-01-26,1,4,26,7,1,21:30:00,21,30,evening,8,83.6875,2019-01-26T21:30:00.000Z,15.805092
1593,2019-01-26,1,4,26,7,1,21:45:00,21,45,evening,16,85.854164,2019-01-26T21:45:00.000Z,14.967445
1593,2019-01-26,1,4,26,7,1,22:00:00,22,0,evening,13,85.67949,2019-01-26T22:00:00.000Z,15.803279
1593,2019-01-26,1,4,26,7,1,22:15:00,22,15,evening,14,83.25,2019-01-26T22:15:00.000Z,18.376217
1593,2019-01-26,1,4,26,7,1,22:30:00,22,30,evening,12,84.56944,2019-01-26T22:30:00.000Z,16.855734
1593,2019-01-26,1,4,26,7,1,22:45:00,22,45,evening,9,85.96296,2019-01-26T22:45:00.000Z,19.389889
1593,2019-01-26,1,4,26,7,1,23:00:00,23,0,evening,8,83.541664,2019-01-26T23:00:00.000Z,19.526365
1593,2019-01-26,1,4,26,7,1,23:15:00,23,15,evening,12,86.40278,2019-01-26T23:15:00.000Z,21.164402
1593,2019-01-26,1,4,26,7,1,23:30:00,23,30,evening,7,84.14286,2019-01-26T23:30:00.000Z,20.883493
1593,2019-01-26,1,4,26,7,1,23:45:00,23,45,evening,0,0.0,2019-01-26T23:45:00.000Z,19.418652
1593,2019-01-27,1,4,27,1,1,00:00:00,0,0,night,2,91.75,2019-01-27T00:00:00.000Z,17.758804
1593,2019-01-27,1,4,27,1,1,00:15:00,0,15,night,1,89.0,2019-01-27T00:15:00.000Z,18.252535
1593,2019-01-27,1,4,27,1,1,00:30:00,0,30,night,3,88.22222,2019-01-27T00:30:00.000Z,16.717573
1593,2019-01-27,1,4,27,1,1,00:45:00,0,45,night,3,85.888885,2019-01-27T00:45:00.000Z,13.492483
1593,2019-01-27,1,4,27,1,1,01:00:00,1,0,night,2,87.75,2019-01-27T01:00:00.000Z,11.13168
1593,2019-01-27,1,4,27,1,1,01:15:00,1,15,night,1,85.0,2019-01-27T01:15:00.000Z,9.233006
1593,2019-01-27,1,4,27,1,1,01:30:00,1,30,night,0,0.0,2019-01-27T01:30:00.000Z,9.097584
1593,2019-01-27,1,4,27,1,1,01:45:00,1,45,night,2,90.25,2019-01-27T01:45:00.000Z,8.821995
1593,2019-01-27,1,4,27,1,1,02:00:00,2,0,night,0,0.0,2019-01-27T02:00:00.000Z,8.832932
1593,2019-01-27,1,4,27,1,1,02:15:00,2,15,night,4,81.75,2019-01-27T02:15:00.000Z,8.625965
1593,2019-01-27,1,4,27,1,1,02:30:00,2,30,night,1,89.0,2019-01-27T02:30:00.000Z,8.121849
1593,2019-01-27,1,4,27,1,1,02:45:00,2,45,night,1,88.666664,2019-01-27T02:45:00.000Z,8.298054
1593,2019-01-27,1,4,27,1,1,03:00:00,3,0,night,1,79.5,2019-01-27T03:00:00.000Z,8.050231
1593,2019-01-27,1,4,27,1,1,03:15:00,3,15,night,2,73.0,2019-01-27T03:15:00.000Z,9.197111
1593,2019-01-27,1,4,27,1,1,03:30:00,3,30,night,0,0.0,2019-01-27T03:30:00.000Z,9.027959
1593,2019-01-27,1,4,27,1,1,03:45:00,3,45,night,1,87.0,2019-01-27T03:45:00.000Z,9.408236
1593,2019-01-27,1,4,27,1,1,04:00:00,4,0,night,1,81.5,2019-01-27T04:00:00.000Z,9.040975
1593,2019-01-27,1,4,27,1,1,04:15:00,4,15,night,4,87.5,2019-01-27T04:15:00.000Z,9.336977
1593,2019-01-27,1,4,27,1,1,04:30:00,4,30,night,1,87.0,2019-01-27T04:30:00.000Z,9.066548
1593,2019-01-27,1,4,27,1,1,04:45:00,4,45,night,1,89.0,2019-01-27T04:45:00.000Z,9.077328
1593,2019-01-27,1,4,27,1,1,05:00:00,5,0,night,0,0.0,2019-01-27T05:00:00.000Z,8.871508
1593,2019-01-27,1,4,27,1,1,05:15:00,5,15,night,2,89.75,2019-01-27T05:15:00.000Z,10.006819
1593,2019-01-27,1,4,27,1,1,05:30:00,5,30,night,2,84.75,2019-01-27T05:30:00.000Z,9.920364
1593,2019-01-27,1,4,27,1,1,05:45:00,5,45,night,9,87.833336,2019-01-27T05:45:00.000Z,9.995222
1593,2019-01-27,1,4,27,1,1,06:00:00,6,0,morning,13,85.128204,2019-01-27T06:00:00.000Z,9.215101
1593,2019-01-27,1,4,27,1,1,06:15:00,6,15,morning,16,91.135414,2019-01-27T06:15:00.000Z,9.455828
1593,2019-01-27,1,4,27,1,1,06:30:00,6,30,morning,19,87.35965,2019-01-27T06:30:00.000Z,9.607103
1593,2019-01-27,1,4,27,1,1,06:45:00,6,45,morning,5,88.4,2019-01-27T06:45:00.000Z,12.636803
1593,2019-01-27,1,4,27,1,1,07:00:00,7,0,morning,15,87.08889,2019-01-27T07:00:00.000Z,17.288118
1593,2019-01-27,1,4,27,1,1,07:15:00,7,15,morning,13,87.34615,2019-01-27T07:15:00.000Z,24.031599
1593,2019-01-27,1,4,27,1,1,07:30:00,7,30,morning,10,86.45,2019-01-27T07:30:00.000Z,31.585213
1593,2019-01-27,1,4,27,1,1,07:45:00,7,45,morning,14,84.67857,2019-01-27T07:45:00.000Z,26.755608
1593,2019-01-27,1,4,27,1,1,08:00:00,8,0,morning,15,86.066666,2019-01-27T08:00:00.000Z,28.429071
1593,2019-01-27,1,4,27,1,1,08:15:00,8,15,morning,11,87.51515,2019-01-27T08:15:00.000Z,26.697542
1593,2019-01-27,1,4,27,1,1,08:30:00,8,30,morning,11,87.36364,2019-01-27T08:30:00.000Z,24.659813
1593,2019-01-27,1,4,27,1,1,08:45:00,8,45,morning,4,84.375,2019-01-27T08:45:00.000Z,24.870909
1593,2019-01-27,1,4,27,1,1,09:00:00,9,0,morning,14,87.5,2019-01-27T09:00:00.000Z,25.48769
1593,2019-01-27,1,4,27,1,1,09:15:00,9,15,morning,5,87.96667,2019-01-27T09:15:00.000Z,24.01685
1593,2019-01-27,1,4,27,1,1,09:30:00,9,30,morning,9,87.611115,2019-01-27T09:30:00.000Z,22.683084
1593,2019-01-27,1,4,27,1,1,09:45:00,9,45,morning,15,85.833336,2019-01-27T09:45:00.000Z,18.224367
1593,2019-01-27,1,4,27,1,1,10:00:00,10,0,morning,8,84.666664,2019-01-27T10:00:00.000Z,19.544828
1593,2019-01-27,1,4,27,1,1,10:15:00,10,15,morning,13,85.23077,2019-01-27T10:15:00.000Z,16.373951
1593,2019-01-27,1,4,27,1,1,10:30:00,10,30,morning,12,85.81944,2019-01-27T10:30:00.000Z,16.367945
1593,2019-01-27,1,4,27,1,1,10:45:00,10,45,morning,17,83.39216,2019-01-27T10:45:00.000Z,18.373873
1593,2019-01-27,1,4,27,1,1,11:00:00,11,0,morning,11,86.90909,2019-01-27T11:00:00.000Z,17.70545
1593,2019-01-27,1,4,27,1,1,11:15:00,11,15,morning,10,83.86667,2019-01-27T11:15:00.000Z,19.714294
1593,2019-01-27,1,4,27,1,1,11:30:00,11,30,morning,17,78.666664,2019-01-27T11:30:00.000Z,20.045238
1593,2019-01-27,1,4,27,1,1,11:45:00,11,45,morning,18,81.55556,2019-01-27T11:45:00.000Z,23.890516
1593,2019-01-27,1,4,27,1,1,12:00:00,12,0,afternoon,18,85.03704,2019-01-27T12:00:00.000Z,23.031296
1593,2019-01-27,1,4,27,1,1,12:15:00,12,15,afternoon,23,83.63768,2019-01-27T12:15:00.000Z,21.862799
1593,2019-01-27,1,4,27,1,1,12:30:00,12,30,afternoon,23,80.23189,2019-01-27T12:30:00.000Z,24.320068
1593,2019-01-27,1,4,27,1,1,12:45:00,12,45,afternoon,21,80.60317,2019-01-27T12:45:00.000Z,27.027311
1593,2019-01-27,1,4,27,1,1,13:00:00,13,0,afternoon,18,85.611115,2019-01-27T13:00:00.000Z,29.547016
1593,2019-01-27,1,4,27,1,1,13:15:00,13,15,afternoon,18,85.12963,2019-01-27T13:15:00.000Z,34.96755
1593,2019-01-27,1,4,27,1,1,13:30:00,13,30,afternoon,17,83.52941,2019-01-27T13:30:00.000Z,38.586628
1593,2019-01-27,1,4,27,1,1,13:45:00,13,45,afternoon,21,84.54762,2019-01-27T13:45:00.000Z,39.141563
1593,2019-01-27,1,4,27,1,1,14:00:00,14,0,afternoon,25,83.246666,2019-01-27T14:00:00.000Z,36.32792
1593,2019-01-27,1,4,27,1,1,14:15:00,14,15,afternoon,21,83.45238,2019-01-27T14:15:00.000Z,33.601402
1593,2019-01-27,1,4,27,1,1,14:30:00,14,30,afternoon,18,85.80556,2019-01-27T14:30:00.000Z,30.638033
1593,2019-01-27,1,4,27,1,1,14:45:00,14,45,afternoon,15,84.94444,2019-01-27T14:45:00.000Z,31.028988
1593,2019-01-27,1,4,27,1,1,15:00:00,15,0,afternoon,9,87.388885,2019-01-27T15:00:00.000Z,34.08996
1593,2019-01-27,1,4,27,1,1,15:15:00,15,15,afternoon,33,85.98485,2019-01-27T15:15:00.000Z,33.69861
1593,2019-01-27,1,4,27,1,1,15:30:00,15,30,afternoon,23,83.72464,2019-01-27T15:30:00.000Z,31.36821
1593,2019-01-27,1,4,27,1,1,15:45:00,15,45,afternoon,26,84.73077,2019-01-27T15:45:00.000Z,27.569757
1593,2019-01-27,1,4,27,1,1,16:00:00,16,0,afternoon,31,85.68279,2019-01-27T16:00:00.000Z,21.845339
1593,2019-01-27,1,4,27,1,1,16:15:00,16,15,afternoon,33,83.40404,2019-01-27T16:15:00.000Z,32.447987
1593,2019-01-27,1,4,27,1,1,16:30:00,16,30,afternoon,39,82.19658,2019-01-27T16:30:00.000Z,32.76417
1593,2019-01-27,1,4,27,1,1,16:45:00,16,45,afternoon,41,83.95122,2019-01-27T16:45:00.000Z,36.806583
1593,2019-01-27,1,4,27,1,1,17:00:00,17,0,afternoon,29,83.844826,2019-01-27T17:00:00.000Z,43.67246
1593,2019-01-27,1,4,27,1,1,17:15:00,17,15,afternoon,28,83.7381,2019-01-27T17:15:00.000Z,50.08143
1593,2019-01-27,1,4,27,1,1,17:30:00,17,30,afternoon,30,85.32222,2019-01-27T17:30:00.000Z,60.5328
1593,2019-01-27,1,4,27,1,1,17:45:00,17,45,afternoon,37,85.36036,2019-01-27T17:45:00.000Z,68.98901
1593,2019-01-27,1,4,27,1,1,18:00:00,18,0,evening,28,85.42262,2019-01-27T18:00:00.000Z,59.805832
1593,2019-01-27,1,4,27,1,1,18:15:00,18,15,evening,36,83.76852,2019-01-27T18:15:00.000Z,51.629986
1593,2019-01-27,1,4,27,1,1,18:30:00,18,30,evening,31,85.16129,2019-01-27T18:30:00.000Z,46.869373
1593,2019-01-27,1,4,27,1,1,18:45:00,18,45,evening,42,86.50397,2019-01-27T18:45:00.000Z,48.06009
1593,2019-01-27,1,4,27,1,1,19:00:00,19,0,evening,30,86.166664,2019-01-27T19:00:00.000Z,41.968708
1593,2019-01-27,1,4,27,1,1,19:15:00,19,15,evening,23,88.485504,2019-01-27T19:15:00.000Z,44.16105
1593,2019-01-27,1,4,27,1,1,19:30:00,19,30,evening,32,85.572914,2019-01-27T19:30:00.000Z,41.16263
1593,2019-01-27,1,4,27,1,1,19:45:00,19,45,evening,29,85.81035,2019-01-27T19:45:00.000Z,47.564877
1593,2019-01-27,1,4,27,1,1,20:00:00,20,0,evening,22,87.219696,2019-01-27T20:00:00.000Z,41.846405
1593,2019-01-27,1,4,27,1,1,20:15:00,20,15,evening,22,86.15909,2019-01-27T20:15:00.000Z,34.22338
1593,2019-01-27,1,4,27,1,1,20:30:00,20,30,evening,34,87.23529,2019-01-27T20:30:00.000Z,34.605286
1593,2019-01-27,1,4,27,1,1,20:45:00,20,45,evening,30,86.844444,2019-01-27T20:45:00.000Z,31.803246
1593,2019-01-27,1,4,27,1,1,21:00:00,21,0,evening,25,86.13333,2019-01-27T21:00:00.000Z,26.701708
1593,2019-01-27,1,4,27,1,1,21:15:00,21,15,evening,22,86.09091,2019-01-27T21:15:00.000Z,24.076797
1593,2019-01-27,1,4,27,1,1,21:30:00,21,30,evening,18,86.47222,2019-01-27T21:30:00.000Z,28.93989
1593,2019-01-27,1,4,27,1,1,21:45:00,21,45,evening,25,86.833336,2019-01-27T21:45:00.000Z,30.183329
1593,2019-01-27,1,4,27,1,1,22:00:00,22,0,evening,23,86.67391,2019-01-27T22:00:00.000Z,29.644464
1593,2019-01-27,1,4,27,1,1,22:15:00,22,15,evening,19,84.2807,2019-01-27T22:15:00.000Z,28.063108
1593,2019-01-27,1,4,27,1,1,22:30:00,22,30,evening,30,86.01111,2019-01-27T22:30:00.000Z,24.86807
1593,2019-01-27,1,4,27,1,1,22:45:00,22,45,evening,30,87.28889,2019-01-27T22:45:00.000Z,26.56402
1593,2019-01-27,1,4,27,1,1,23:00:00,23,0,evening,30,88.08889,2019-01-27T23:00:00.000Z,26.814064
1593,2019-01-27,1,4,27,1,1,23:15:00,23,15,evening,23,88.04348,2019-01-27T23:15:00.000Z,25.53473
1593,2019-01-27,1,4,27,1,1,23:30:00,23,30,evening,16,87.760414,2019-01-27T23:30:00.000Z,32.09397
1593,2019-01-27,1,4,27,1,1,23:45:00,23,45,evening,15,86.68889,2019-01-27T23:45:00.000Z,37.106792
1593,2019-01-28,1,5,28,2,0,00:00:00,0,0,night,20,85.65833,2019-01-28T00:00:00.000Z,41.94834
1593,2019-01-28,1,5,28,2,0,00:15:00,0,15,night,26,86.79487,2019-01-28T00:15:00.000Z,39.645477
1593,2019-01-28,1,5,28,2,0,00:30:00,0,30,night,25,87.973335,2019-01-28T00:30:00.000Z,32.836967
1593,2019-01-28,1,5,28,2,0,00:45:00,0,45,night,38,86.43421,2019-01-28T00:45:00.000Z,27.341703
1593,2019-01-28,1,5,28,2,0,01:00:00,1,0,night,23,87.55797,2019-01-28T01:00:00.000Z,26.128855
1593,2019-01-28,1,5,28,2,0,01:15:00,1,15,night,24,84.888885,2019-01-28T01:15:00.000Z,28.970797
1593,2019-01-28,1,5,28,2,0,01:30:00,1,30,night,30,86.35555,2019-01-28T01:30:00.000Z,31.1819
1593,2019-01-28,1,5,28,2,0,01:45:00,1,45,night,52,87.589745,2019-01-28T01:45:00.000Z,44.92142
1593,2019-01-28,1,5,28,2,0,02:00:00,2,0,night,37,86.63513,2019-01-28T02:00:00.000Z,41.965397
1593,2019-01-28,1,5,28,2,0,02:15:00,2,15,night,43,86.790695,2019-01-28T02:15:00.000Z,40.46072
1593,2019-01-28,1,5,28,2,0,02:30:00,2,30,night,58,86.833336,2019-01-28T02:30:00.000Z,43.13057
1593,2019-01-28,1,5,28,2,0,02:45:00,2,45,night,68,87.45343,2019-01-28T02:45:00.000Z,67.85964
1593,2019-01-28,1,5,28,2,0,03:00:00,3,0,night,93,88.06989,2019-01-28T03:00:00.000Z,66.74192
1593,2019-01-28,1,5,28,2,0,03:15:00,3,15,night,110,86.878784,2019-01-28T03:15:00.000Z,73.25564
1593,2019-01-28,1,5,28,2,0,03:30:00,3,30,night,125,87.24934,2019-01-28T03:30:00.000Z,92.85049
1593,2019-01-28,1,5,28,2,0,03:45:00,3,45,night,139,86.431656,2019-01-28T03:45:00.000Z,114.4593
1593,2019-01-28,1,5,28,2,0,04:00:00,4,0,night,169,86.23274,2019-01-28T04:00:00.000Z,166.20566
1593,2019-01-28,1,5,28,2,0,04:15:00,4,15,night,248,85.07325,2019-01-28T04:15:00.000Z,211.39822
1593,2019-01-28,1,5,28,2,0,04:30:00,4,30,night,254,85.448166,2019-01-28T04:30:00.000Z,248.67468
